,POP10,HH10,POP20,HU20,HHPOP20,food_insecurity,edu_hsd,edu_gebach,edu_bach,no_internet,dial-up,broadband,lt75000,ge75000,le1.5_rm,gt1.5_rm,30-50pct_rb,gt50pct_rb,HHOCH18,cr_Less than $100,cr_$100 to $149,cr_$150 to $199,cr_$200 to $249,cr_$250 to $299,cr_$300 to $349,cr_$350 to $399,cr_$400 to $449,cr_$450 to $499,cr_$500 to $549,cr_$550 to $599,cr_$600 to $649,cr_$650 to $699,cr_$700 to $749,cr_$750 to $799,cr_$800 to $899,cr_$900 to $999,"cr_$1,000 to $1,249","cr_$1,250 to $1,499","cr_$1,500 to $1,999","cr_$2,000 to $2,499","cr_$2,500 to $2,999","cr_$3,000 to $3,499","cr_$3,500 or more","hv_Less than $10,000","hv_$10,000 to $14,999","hv_$15,000 to $19,999","hv_$20,000 to $24,999","hv_$25,000 to $29,999","hv_$30,000 to $34,999","hv_$35,000 to $39,999","hv_$40,000 to $49,999","hv_$50,000 to $59,999","hv_$60,000 to $69,999","hv_$70,000 to $79,999","hv_$80,000 to $89,999","hv_$90,000 to $99,999","hv_$100,000 to $124,999","hv_$125,000 to $149,999","hv_$150,000 to $174,999","hv_$175,000 to $199,999","hv_$200,000 to $249,999","hv_$250,000 to $299,999","hv_$300,000 to $399,999","hv_$400,000 to $499,999","hv_$500,000 to $749,999","hv_$750,000 to $999,999","hv_$1,000,000 to $1,499,999","hv_$1,500,000 to $1,999,999","hv_$2,000,000 or more",tot_hhds,fam_hhd,fb_Europe,fb_Asia,fb_Africa,fb_Oceania,fb_LatinAmerica,fb_NorthernAmerica,lang_Spanish,lang_Russian,lang_Chinese,lang_Vietnamese,lang_other asian or pi language,lang_other indo-euro language,lang_pop_leahh,total 5-17,total 5-17 in public school,mobility,Pov20,w_disability,Pop25+,"hhinc_Less than $10,000","hhinc_$10,000 to $14,999","hhinc_$15,000 to $19,999","hhinc_$20,000 to $24,999","hhinc_$25,000 to $29,999","hhinc_$30,000 to $34,999","hhinc_$35,000 to $39,999","hhinc_$40,000 to $44,999","hhinc_$45,000 to $49,999","hhinc_$50,000 to $59,999","hhinc_$60,000 to $74,999","hhinc_$75,000 to $99,999","hhinc_$100,000 to $124,999","hhinc_$125,000 to $149,999","hhinc_$150,000 to $199,999","hhinc_$200,000 or more",owner occ hu,tot occ hu acs,LifeExp,SVI
Neighborhood,,,,,,,,,,,,,,,,,,,,,,,,,,,,,,,,,,,,,,,,,,,,,,,,,,,,,,,,,,,,,,,,,,,,,,,,,,,,,,,,,,,,,,,,,,,,,,,,,,,,,,,,,,,,,,
Alameda,5214,2058,5455,2108,5448,298.8157322,54.70609547,3078.866859,1401.95604,30.66191663,0,1931.507169,476.9581704,1492.210915,1969.169086,0,11.14701186,18.74309219,1208.780927,0,0,0,0,0,0,0,0,0,1.232073012,1.09517601,0,0,0,0,0,0,6.867105835,20.05183585,40.48135687,21.48141976,12.59649123,0,0,20.96563222,0,0,0,0,8,0,0,0,0,28.52051836,0,0,0,0,0,0,0.684485007,5.438496859,34.11408871,82.94488936,862.488259,699.8951721,87.31208531,11,0,1969.169086,1569.261719,111.7583846,150.6348091,0,10.14493107,75.89390791,65.13626495,19.1912508,0,3.199058219,0,29.84633327,18.45265376,70.68929604,1055.79319,676.7111973,263.7564071,72.17806085,332.4840554,3830.066836,23.93110884,19.01915262,28.67244924,14.27315937,37.47879737,39.08761967,29.5119278,13.25025536,53.43996723,106.8666724,111.4270605,85.11700292,135.7644298,187.3599232,302.7324194,781.2371398,1841.363627,1969.169086,82.64593838,0.02839888
Arbor Lodge,6153,2774,6946,3285,6914,596.2952618,187.9061944,3286.568718,2108.866482,162.8675636,0,2735.602186,982.4099849,1968.792683,2933.91115,17.29151786,175.7062232,110.6441624,1074.140585,6.69375,0,0,1.275,0,0,0,0,16.04065041,1.753125,0,4.603686636,0,1.434375,25.57603687,45.85714286,43.28136082,159.2485671,106.1254612,196.1225472,209.4337128,30.44543491,0,0,0,0,0,0,0,8.607888631,10,10,0,0,0,0,0,0,0,0,0,35.16841165,70.43784245,370.7318519,915.7808314,588.6665255,34.50358964,11,0,17,2951.202668,1691.179247,90.88576837,269.8014517,129.3994669,18.90459223,121.1921034,33.60389414,60.48549759,3.341391106,0,23.09748904,20.75949943,12.62303307,176.2353577,832.3989379,586.4258237,296.3585237,550.3536681,554.106084,5603.977618,110.4885173,38.53902439,47.02436167,72.46505121,63.72746712,36.41044523,16.89524092,75.80157814,105.8880012,137.9836236,277.186674,515.4427974,340.4188864,278.3064509,446.6173946,388.0071536,2071.896941,2951.202668,80.62276306,0.066932551
Ardenwald,4724,2106,4850,2110,4815,600.4437862,270.1709859,1576.410716,860.3314218,150.9984689,9,1947.055093,1135.038864,1009.220681,2134.192878,10.06666667,233.5435894,165.5590372,901.3843675,7,11.65014577,12.27593819,70.06666667,1,36,0,35.24198251,32,0.129415808,0,0,0.093333333,9.133333333,20.10666667,52.74232357,103.2787438,300.795915,65.09798983,58.68281741,13.30051411,0,0,0.092783505,10.11340206,0,0,15,0,0.036082474,0.139175258,0,0,0,12.62099125,10,0,0.173333333,0,9.666666667,11.03092784,38.84499829,195.4198487,446.9272175,288.1118941,124.154115,70.23817533,52.8660391,0,17.47017137,2144.259545,1320.647638,50.60127736,38.65700856,0,3.244551102,92.72627165,48.15650518,50.46134577,1.98936833,0.063273073,0.822549952,12.36317013,2.646331626,71.19320895,840.1549721,664.003605,652.1698208,667.4561392,682.747563,3773.86855,91.0374122,163.9351199,77.58376516,62.51220182,41.18041237,77.41926901,166.4773951,12.31116929,33.88982924,118.0867693,290.605521,243.026361,228.5243162,162.3227084,189.8268611,185.520434,1302.813038,2144.259545,80.47548574,0.344995949
Argay,6006,2498,6313,2522,6029,593.4166713,257.9601515,1653.783415,1065.714353,297.273657,0,1932.832103,1282.328272,999.3870678,2276.776343,4.938996837,307.2463596,237.449671,822.8708964,0,0,34.69498418,0,0,0,0,7,18.76818798,0,1.38349242,47,20.38349242,56.60957976,47.58315634,28.76818798,118.5538494,368.7798096,25.68278355,39.84139178,0,20,0,0,5.926796204,0,0,0,8.890194306,0,0,0,7,6.494104436,11,0,8.890194306,0.494104436,0.988208871,7.902394939,0,51.71938545,174.0182798,609.6697342,426.1646874,56,2.569343066,0,0,0,2281.71534,1481.544717,50.04181702,287.0300623,61.6149607,48.45916124,317.1464011,34.27819433,239.639494,12.79711926,0,106.3471457,34.35701434,22.32104404,463.6643064,598.0526364,523.7780517,201.7286537,570.7148129,721.1013746,4230.329791,63.67099242,178.1991824,118.3289652,87.00607913,99.78363927,82.79258925,97.29236331,36.31028862,112.3167646,192.1093538,214.5180538,373.5062754,195.6160684,79,134.7925892,216.4721348,1377.727427,2281.71534,79.59251929,0.682979792
Arlington Heights,865,405,1067,493,1067,32.24603914,24.66943867,749.4027709,255.3578582,5.079002079,0,529.3028043,186.277396,363.3414166,542.3630953,7.255717256,19.88403612,26.42592563,218.4895177,0,0,0,0,0,0,0,0,0,0,0,0,0,0,0,7.255717256,15.23700624,90.6964657,11.60914761,16.68814969,8.627207948,0,0.187903699,0,0,0,0,0,0,0,0,0,0,0,0,0,0,0,0,0.105695831,0,0,4.553078034,37.29775753,44.23894241,79.82974401,100.5424926,49.25922458,82.7856406,0.399295361,549.6188126,325.8792433,31.65813047,60.65782098,2.110279297,0,16.362185,12.57598614,4.220558595,0,10.85286496,0,0.053944707,4.663631921,19.79100018,129.2409581,85.56060635,60.49712579,62.50486423,62.43011429,939.1487201,10.88357588,24.66943867,5.079002079,7.981288981,0.305343511,5.851549729,34.1018711,33.51722715,15.96257796,24.76339052,23.16213042,22.15470315,70.97940042,14.828522,41.57409024,213.8047008,399.0118709,549.6188126,81.4,0.036362389
Arnold Creek,3178,1236,3452,1319,3440,110.420923,19.97484324,1854.049824,847.9491995,18.20143561,0,1194.97475,305.3431437,935.7699982,1240.739601,0.373540856,60.24490524,28.13549207,819.4406228,0,0,0,0,0,7.925091352,0,0,0,0,0,0,0,0,7.31546894,0.147058824,0,9.897604299,44.00187197,47.51767968,10.3636338,0,0,0,6.660560345,0,0,0,0,0,0,0,0.513618677,0,0,0,0,30.14903529,24.0554297,7.123461471,16.58940885,27.32391219,1.996380751,66.86450264,173.5871523,479.7592955,189.5975273,28.78999132,52.11958729,0,1241.113142,898.8892492,74.56131083,181.5621585,0.163450624,0.163450624,52.09305558,6.624787797,0.163450624,0,8.268308729,0.163450624,1.1758476,8.57477865,18.34583623,666.0276466,388.4620339,181.4060711,182.2703871,230.7269295,2275.296274,25.97506363,13.22230411,8.849366072,25.34377844,12.91236476,20.97115561,57.57523345,50.59866017,8.565176326,33.39103178,47.93900938,101.3915322,110.146013,119.2695861,167.9971901,436.9656768,1105.129864,1241.113142,85.46970414,0.024593018
Ashcreek,4263,1951,4626,2045,4626,310.7746338,24.33691803,2401.713,1444.587639,65.55120498,0,1795.20304,472.9343764,1430.712623,1898.413232,5.233767484,59.7930119,53.99912311,983.1926028,0,0,0,0,0,0,0,0,0,0.037084399,0,0,4.24602333,0,17.87615982,11.8989944,35.86081963,81.15589463,62.16198668,64.51220111,28.87167413,12.38117647,7.802864364,0,0,0,0,0,1.796394486,0,0,0,0,0,0,0,0,2.607198748,0,0,0,13.02554201,122.4790622,203.8377214,466.3995493,606.8557546,87.60682859,18.68701095,24.76235294,1.469777306,1903.647,1393.122272,137.5809404,201.4646126,4.05838425,0.316386646,32.43944237,27.60862573,2.390258416,8.812689969,47.56678507,2.183067859,40.07290043,12.09421859,117.5165692,567.9552444,368.7475074,241.3280368,52.00390751,483.7293139,3472.769162,21.92127099,4.879432498,18.59783122,35.6664961,39.71297935,57.47413821,19.76024995,8.883515364,24.09962042,142.3913991,99.54744325,246.5568917,200.2768955,208.0306583,210.0572032,565.7909747,1549.527193,1903.647,85.50277932,0.027083658
Beaumont-Wilshire,5346,2319,6059,2526,6058,215.0492539,185.0944272,3136.956445,1742.520006,65.75606295,0,2565.463635,903.208017,1731.696666,2634.904683,0,33.28030303,28.46578141,1238.852562,0,0,0,0,0,0,0,0,0,17,0,0,0,0,0,0,1.228328173,30,28,54.46578141,71.05660538,18,14,0,13,0,0,0,0,0,15,7.291666667,0,0,139,0,0,13,0,0,0,4.913312693,41,70.3137724,392.0555663,1090.45036,512.2938691,102.8354208,0,0,2634.904683,2037.885175,178.1271417,161.7736393,0,2.748971193,51.2114874,15.8644581,17.59031833,0,0,45.58951965,18.89917695,36.08024691,118.1592618,961.9931149,749.9508484,181.603271,139.2324225,474.243219,4968.502841,16.00919305,35.38609391,31.42432451,33.77941176,144.9659091,0,38.02135954,29.46578141,122.32746,100.1545734,351.6739102,251.5830971,319.6932664,310.467781,353.5256599,496.4268617,2401.153968,2634.904683,80.43396977,0.051697242
Boise,3311,1537,4660,2619,4601,559.767949,122.4739527,3073.473013,2033.41965,69.93764407,11.87784276,2395.385025,1088.669405,1474.561526,2501.027535,62.20339528,398.3868224,294.2709195,363.7041527,20.78622482,4.751137102,11.75488517,5.291082239,5.148825065,16.62897986,36.93892138,0,5.34502924,7.62497887,0,8,5.938921378,18.41065627,2.896214099,63.47644226,32.57138585,202.6786821,463.3560418,684.3878967,229.1429345,40.87682214,10,13,29,0,0,0,0,0,0,0,0,0,0,0,0,0,0,0,0,7.126705653,198.8962141,59.93551098,110.0884336,227.9253943,2.252610966,0,0,0,2563.23093,692.0713723,95.05376537,158.3868893,137.9633652,28.7937698,46.75721971,22.47406393,32.5793171,8.981228192,4.102010569,0,13.13355049,21.58355484,85.77856608,316.3532558,283.8859433,784.3603642,675.5938384,705.7359683,4167.921665,88.3191752,71.55874408,34.75396141,68.37611597,53.93260036,106.4846214,68.42365563,58.35100409,169.9459253,162.0988567,206.4247444,304.7992132,346.7094983,185.3515707,148.5588973,489.1423464,635.2248696,2563.23093,79.77441365,0.247071973
Brentwood-Darlington,12994,5107,13536,5355,13351,1454.292897,1176.088977,3231.84376,2097.403798,213.3771224,6.661504425,4919.981518,3056.891141,2144.823652,5147.465088,54.24970501,441.84,399.5066667,2132.605989,0,0,0,4.933333333,0,0,23,23,0,24.90666667,10,18.70417109,6.906666667,18.86666667,42.89333333,93.18171091,81.99466667,411.0386372,304.1466667,422.5513762,60.33333333,7,0,0,45.16,39,0,0,15,12,0,0,0.418453541,0,0,0,0,12.85866667,17.064,124.3333333,119,482.0742301,616.9737069,1426.138026,448.1544172,175.313024,70.35867446,0,0,19.89333333,5201.714793,3093.728152,362.2083825,1328.138346,23,143.0348988,791.5784911,29.39616655,663.797807,124.1864157,154.0192942,498.17745,184.1887189,17.19282943,1664.748025,2019.358527,1645.887346,1150.126695,1693.514507,1796.913213,10453.01231,207.9163382,105.064,191.7752094,200.8150402,128,150.6601586,141,239.6133333,294.1459882,604.0613154,793.8397581,637.8799911,579.198854,427.3378931,364.5872697,135.8196439,3623.739865,5201.714793,77.36542049,0.563484771
Bridgeton,725,467,928,679,928,70.27917798,19.6056338,323.0261569,236.2012072,0,6.535211268,402.3822938,233.4004024,175.5171026,408.917505,0,102.6961771,33.60965795,14.00402414,0,0,0,0,0,0,0,0,0,0,0,0,0,0,0,10.26961771,0,7.468812877,29.87525151,157.778672,13.07042254,8.402414487,0,0,0,0,0,0,15.87122736,0,0,5.601609658,25.20724346,0,0,0,0,0,0,0,10.26961771,4.668008048,37.34406439,10.26961771,46.68008048,26.14084507,0,0,0,0,408.917505,126.9698189,10.45774081,26.89133351,13.69466058,8.216796351,48.30480279,0,28.88328414,4.979876576,0,24.89938288,0,3.734907432,66.73034612,109.8062785,88.89079689,44.32090153,73.75452716,84.90689563,716.0724346,25.20724346,15.87122736,0,0,8.402414487,25.20724346,0,23.34004024,0,67.2193159,68.15291751,32.67605634,65.35211268,20.53923541,14.00402414,42.94567404,182.0523139,408.917505,NA,0.4964
Bridlemile,5149,2364,5866,2544,5836,428.9950853,176.1661576,2730.958745,1237.537507,94.90524829,7,2316.749652,1039.803653,1386.855148,2422.834572,3.824228029,164.5852819,263.0624086,1206.900385,0,21,51.22915651,0,34,0,0,0,0,0,0,0,13,5.335933691,10.67186738,65.68598131,83.03909902,156.7696866,192.8361277,20.33983423,34.7489493,15.00390054,0,0,11,0,0,0,0,0,0,0,0,0,0,0,0,0,0.094161959,11.82812856,0,12,7,58.21854577,192.0821865,923.7847364,354.6482756,83.9509682,15.30331876,24.03144524,2426.6588,1499.810182,256.0692149,204.6890025,0,10.02548312,149.975117,40.95814047,105.2805885,70.36553677,28.36296499,0,19.58583992,10.05777004,233.6739361,951.5223184,781.0085936,431.1463408,546.5118815,634.9594338,4013.477147,139.0414177,111.6913701,41.95428408,46.44637969,17.18990782,183.9577,38.76591802,80.00561159,117.4142552,122.9293165,140.4074921,184.4964956,175.7643469,91.54655147,250.5837939,684.4639598,1693.941767,2426.6588,82.53775293,0.169605431
Brooklyn,3485,1854,3916,2022,3888,428.30501,229.1222848,1930.921459,1260.243339,88.73866334,3.726468222,1571.116619,891.4283976,829.9481744,1721.376572,0,194.6658851,107.8033507,427.1145502,0,0,34.45856798,0,0,0,0,0,0,0,0,0,6.304878049,1.030405405,33,70.90329749,112.0740292,349.6865797,232.4756098,131.7682927,16.4159292,0,0,0,0,0,0,0,0,0,0,0,0,3.726468222,0,0,0,40,0,0,0,1.236486486,33.34754626,151.3220145,143.7866561,270.8989697,14.37764092,37.67905405,0,0,1721.376572,759.6571461,26.75664898,56.16739978,1.920045045,10.03272941,63.61448105,20.09015977,23.15860218,0,27.7808217,0.613688481,9.819015699,0,61.37212806,418.1396034,328.7561988,337.7505978,315.7376197,307.8790481,3410.827242,53.16545456,22.31617056,66.33708279,42.82432432,54,21.15031352,28.00322436,61.81527313,20.31097561,140.8741047,380.631474,225.5082511,185.0979387,177.6755631,137.3085796,104.3578419,696.3748362,1721.376572,79.8,0.2403
Buckman,8472,4862,11151,7037,10674,1654.226749,155.3174686,5559.505756,3662.101804,471.0435444,0,5342.98666,3526.99629,2541.69429,5906.057947,162.6326336,1120.369067,1076.736944,567.2000557,0,11.65380439,46.07245156,63.2819271,34.50884583,5.072451559,122.5681382,52.80806142,41.32821497,114,13.87204095,14.77050611,134.0882917,81.61612284,117.7120921,179.6214661,267.4906792,943.0811676,1253.350592,1367.459108,300.4244906,21.51373183,13.00865764,0,21,5,0,0,0,0,0,0,0,0,0,0,16,0,0,0,0,35.67809505,13.33682373,129.5087837,83.4142634,298.8433147,120.6134023,18.44103393,0,0,6068.690581,1654.058567,292.3914747,146.3121204,45.45363582,12.90036787,109.9139824,31.75989873,31.66078865,13.00758397,0,0,20.58495011,22.63214753,100.8301248,401.1160868,373.3891626,1457.447428,1687.414837,1398.225104,9318.367256,480.0980744,275.3482926,180.586863,174.0687562,268.0360605,258.6945512,386.6659345,339.9414201,264.4889133,345.4858945,553.58153,889.1480232,399.9958132,600.2210568,226.1670341,426.1623627,741.8357168,6068.690581,NA,0.4551
Cathedral Park,3349,1703,4075,2125,4057,415.3145196,97.95763492,1784.995019,1224.9448,149.2593431,0,1756.571251,1075.184518,889.4864003,1949.833081,14.83783784,209.7860464,122.4088813,380.5269588,0,0,0,19.78378378,21.43243243,0,16.48648649,6.663277445,0,37.42298036,48.5252351,77.02654176,0,8.775175644,4.527510316,27.89432875,53.0227605,242.9479564,204.6630645,140.099329,58.62361379,7.37235116,0,0,0,0,0,0,0,0,0,0,0,0,1.561210454,0,0,0,9.067567568,10.05687204,87.9427177,65.63517607,81.41450853,266.4886796,234.1083393,122.7337291,95.11305223,0,0,0,1964.670918,805.4475263,28.54722968,65.19883982,0,0.884415584,147.9459901,22.09833585,80.75999268,0,0,0,21.48449319,0,128.6397204,334.0247968,293.2809615,342.9647487,606.6266768,564.0173879,3581.973774,60.44917837,68.31969574,140.0454563,67.24935122,85.57353973,42.97714144,5.308115543,92.4653996,142.0887349,198.5459341,172.1619712,178.1344794,225.5637904,203.2415188,168.0153516,114.5312601,974.1218526,1964.670918,74.70831643,0.354341582
Centennial,23651,8678,25413,8911,25084,3985.662292,2750.901305,2294.7959,1699.153226,1070.144968,12.52235278,6998.004987,5804.677749,2476.458688,8071.466735,209.6697021,1002.501715,1166.014252,5075.230209,0,47,75.27028999,0,12.52876712,13.24982307,68.09442935,40.36812009,4.033633164,128.537403,58.55646271,22.03287671,43,38.05632613,123.9541243,410.5437684,574.9592455,1015.998736,343.9082934,270.3293445,37.34776989,0,0,0,126.5724328,24,38.18235439,73.51544779,6.228090687,9,18.71483154,7,0.681177977,18.02704577,0,0,16.97603334,63.49263994,31.31181521,218.0134815,339.6355526,793.8613552,1170.47248,1513.844841,338.5185927,24.92885996,19,0,0,5.283064039,8281.136437,5350.953416,1204.049242,2254.505858,436.0053305,176.0013474,1943.976098,42.83045785,1461.946816,634.9939593,224.0145331,926.8696203,407.9275274,333.5112217,4368.914286,4313.018211,3919.302709,1634.487345,4121.769788,3708.9674,16256.34843,651.5136109,343.1283966,374.8815979,505.9025924,507.3782628,421.99486,325.7591447,331.6102791,625.9060146,788.8136014,927.7893879,1144.962077,575.3070909,353.7323365,240.084231,162.3729527,4857.260097,8281.136437,77.18907305,0.944448435
Collins View,3102,875,3411,965,2202,223.5228183,23.93123209,1496.674371,820.8713471,23.93123209,6.903560831,973.5038401,293.3644398,759.718017,1053.082457,0,40.65383929,46.48295682,545.8501342,0,0,0,0,0,0,0,0,0,6.64756447,0,0,0,1.994269341,0,1.237808219,10.4319548,14.98294406,7.670623145,78.13712345,3.323782235,0,4.722039487,0,4.538630137,0,0,0,0,0,0,0,0,0,0,0,9.971810089,1.994269341,0,0,0,20.04870534,49.09198813,81.82934572,177.863372,210.4845379,116.07893,92.60696942,81.48924599,76.69873533,1053.082457,740.3050438,86.85416667,120.8669872,5.466346154,7.895833333,16.39903846,6.073717949,0,0,0,0,26.72435897,9.110576923,35.8349359,534.4871795,438.5224359,549.0641026,222.7200361,210.150641,2033.129513,33.68769266,32.0165427,1.994269341,1.994269341,34.54868096,7.381065275,47.26062032,13.98493043,18.1713223,65.85037714,36.47466933,57.46616103,92.70802275,108.7167102,149.1610317,351.6660913,922.6965393,1053.082457,80.5,0.1226
Concordia,9558,4004,10242,4385,9881,655.0418664,293.4007081,5677.323536,3711.463908,182.6911236,10,4512.490536,1709.211754,3029.638219,4698.108751,40.74122234,466.6528979,138.4227972,2275.210694,0,0,0,4.857142857,0,28.03829524,0,8.038295244,0,0,0.157215048,0,0.157215048,1.501323919,5.08983717,30.69941376,61.26501527,153.8560923,192.8159438,393.6380028,380.1265844,31.70281175,43.50132392,0,57.1038961,0,0,0,0,0,0,6,4,0.056148231,0,0,0,18.86067724,0.112296463,0,31,35.29923274,75.70338616,396.8092544,673.7468511,1757.044998,291.6687203,4,0,20,4738.849973,2662.395741,120.6905826,324.6408114,56.75665264,0,150.0376326,65.93446222,42.16311818,0.437956204,18.31094844,90.41048035,8.196467997,43.91677276,230.4357439,1559.858666,1189.395796,689.40163,863.7142403,906.3449926,9339.214988,125.0370008,50.50797835,67.63471934,297.0274642,73.7880937,77.47338054,102.6393897,130.9570644,117.487515,169.5074449,497.1517034,584.0992314,522.3303575,671.7709798,508.2201207,743.2175297,3371.405461,4738.849973,80.00812092,0.191362266
Creston-Kenilworth,8227,3887,9046,4288,8990,1196.111357,771.6349535,3621.459152,2612.539814,228,0,3492.688728,2008.645295,1789.043433,3720.688728,77,585.8210962,462.6494312,1254.138573,0,0,47,11,20,24,0,0,0,48,25,29,32,78,131,130,224,594.7259566,455.4415719,172.262668,80.57290589,71,37,0,0,0,0,0,0,0,0,17,0,0,0,17,0,0,14,0,0,0,53,525.9524302,522.5398139,425.1933816,0,0,0,0,3797.688728,1811.740434,41.83296703,723.3450549,66,0,196.4483516,19.83296703,118.9978022,30.83296703,59.83956044,25.61758242,293,21,560.2879121,928.6593407,741.7164835,972.6571429,1344.069286,1103.769231,7550.520165,189,84,158.6349535,72,121.4415719,225.9451913,74,217,131.0910031,423.3391934,312.1933816,584.7042399,466.262668,305,283.0765253,150,1574.685626,3797.688728,77.74688255,0.383297293
Crestwood,2490,1020,2624,1041,2623,159.6292478,77.44715842,894.3700151,568.2708498,54.993889,15,923.3032714,516.0874682,480.27565,979.3631182,17,13.25630676,2.404409094,309.0566571,0,0,0,0,0,0,0,0,0,0,0,0.560040363,0,0,0.461176471,0,0,118.7719475,2.161520508,28.16222948,1.971839259,0.345882353,0.166498486,0,0.090817356,16,0,0,0,0,0,0,0,0.15136226,0,0,0,0,16.0170697,0.454086781,0.166498486,0.746637858,83.22665638,202.1577912,260.0003424,181.741235,16.45874945,31.12108981,0.691764706,0,996.3631182,567.0581325,75.55712503,110.8558963,0.068104427,0.383556519,13.19790081,12.11447212,0.272220486,0,29.22273978,0.179440459,27.84055588,6.858106359,64.37306297,358.2993731,235.9907503,112.0909372,77.45840588,278.3575681,1825.51724,1.059535822,2.684415788,87.12108981,35.44715807,17.43519906,83.22436849,33.09081736,60.42381433,2.556288871,58.45736855,134.587412,99.83228839,143.9326351,52.62269762,4.589137821,179.2988911,809.0241014,996.3631182,85.90871341,0.016585296
Cully,13322,5288,13439,5615,13281,1769.972204,1123.894194,3610.751563,2346.702507,264.8345507,0,4631.672186,2909.125133,2059.370042,4888.495176,80,527.5773091,663.4446562,2728.813011,0,0,0,0,13,0,0,0,0,41.95375723,82.45308053,90.93609361,4.493542953,140,132.8911899,216.0796756,175.5147812,343.1341171,352.9506507,384.2999,136.948082,20,0,0,123.933526,45,0,9,0,0,8,0,2.457446809,0.533408198,18,0,0,0.533408198,1.066816395,85.95520231,45.96098266,223.8652644,254.9766835,850.9188517,711.2323101,320.0156607,24.77372263,44,0,17,4968.495176,2808.918544,64.0385507,349.9164127,91.28017967,15.99537839,1373.531189,101.0403375,1047.577983,4.160583942,8.994800693,204.0751015,10,10.99364529,1484.802114,2039.939157,1638.270046,411.521678,2430.910141,1267.836834,9025.901009,275.4178036,184.9350727,220.4365645,204.3754433,295.9134927,248.5308388,133.1953165,194.0007948,84.49474234,264.229464,803.5956002,748.5363196,491.1914873,319.6933848,365.2477539,134.7010967,2787.223284,4968.495176,75.91587858,0.801996353
East Columbia,1748,735,2387,978,2248,169.4455215,235.2303178,452.9421479,295.9806118,50.80067207,0,664.4022829,406.9396212,350.2751877,729.650075,27.56473392,96.6416795,22.9706116,402.8429861,9.188244639,0,0,0,0,0,0,0,0,0,0,19.90786338,0,0,30.89280868,0,32.92454329,95.11030539,9.188244639,35.486931,3.828435266,0,0,0,6.125496426,0,7.656870532,12.25099285,0,20.67355044,0,9.188244639,0,12.25099285,0,0,0,22.9706116,0,0,0,18.34260516,25.10040706,161.4222768,111.7535524,94.60922659,9.654002714,8.688602442,0,0,757.2148089,559.604809,26.89938288,69.1698417,35.22538235,21.13522941,124.2495305,0,74.29353367,12.80922994,0,64.04614972,0,9.606922458,171.6436812,282.4435203,228.6447545,114.0021465,234.4307467,218.3973705,1493.954344,35.52081512,0,30.82647705,15.31374106,8.688602442,19.14217633,20.67355044,33.9555569,117.2142959,24.5019857,101.1024202,41.11350353,59.62193779,130.3290366,76.73309782,42.47761194,520.6874326,757.2148089,79,0.496341568
Eastmoreland,5007,1593,5323,1673,4378,350.9356737,118.8028523,2855.445116,1402.063347,87.55855866,0,1813.259531,301.2105986,1621.765347,1922.975946,0,23.07892831,0,1290.629765,41,0,0,0,0,0,0,0,0,0,0,0,0,0,0,0,0,0,9.123823316,29.46887493,28.98913831,0,21.33009709,0,0,0,0,0,0,0,0,0,0,0,0,0,0,0,0,0,0,0,19.82041999,58.73221591,92.0491884,686.9112877,727.5211723,136.713877,0,34.47212165,1922.975946,1636.040207,175.8718643,121.4854493,0.977402168,2.541245637,18.46256294,32.12551722,56.26547073,16.52523904,1.172882602,0,13.94903253,15.59445137,120.6828515,939.3537697,785.9647864,530.9430848,169.4967415,504.5098074,3903.084947,13,19.82041999,7.820419986,0,44.1530554,9.722444318,19.44488864,14,54.58508327,50.89948601,67.764801,187.9628143,272.4942776,179.8986713,184.511263,796.8983211,1756.220283,1922.975946,82.52491468,0.0240157
Eliot,3556,1791,5537,2981,5274,745.5100816,115.4722592,2655.991574,1427.064117,153.2303805,0,2330.927635,1455.062831,1138.230162,2549.998122,43.29487123,484.7008773,308.1527151,558.2273766,75.77307892,38.7595762,42.13826736,52.17389633,25.36412443,6.550544323,0,0,18.22844358,19.66555603,40.62964583,43.45830459,109.0676447,7.813112283,6.661879896,43.9913306,76.82720578,452.40942,358.819646,249.9264911,104.2630015,85.26000654,38.85662376,0,0,0,0,0,0,0,0,0,0,9.013854931,0,0,0,0,0,2.929917106,0,15.13769494,6.661879896,39.97892159,145.7659137,390.9530225,42.75923686,0,0,0,2593.292994,804.7673998,82.74901057,98.52915805,65.92009734,12.19668957,40.09220647,91.9411884,19.67983534,0,25.4560481,6.18556701,3.711340206,9.541066721,111.4118213,333.3771448,298.2590993,606.1836038,996.2818063,783.263956,4217.623915,277.4845722,126.7154741,111.9393014,79.19246999,50.72654868,63.99444182,38.1835866,114.1645217,220.076949,192.0049363,180.5800294,318.6491083,256.1725423,130.127466,225.6088048,207.6722411,653.2004415,2593.292994,78.74827586,0.484026552
Far Southwest,1320,645,1463,652,1463,114.3171435,23.22690752,616.0765041,372.5835019,88.05158346,0,605.1090094,345.2949305,384.8646532,730.1595838,0,61.05345018,142.1838736,239.0770727,0,0,0,0,0,0,0,0,0,0,0,21.72956609,26.92538593,9.487993139,0,5.385077187,11.02658662,53.28689855,79.1597958,75.8593456,49.03430359,0,9.024463741,0,3.523713421,0,0,0,0,0,0,0,0,5.872855701,0,0,0,2.56432247,0,17.6185671,6.460141271,18.75188619,5.872855701,91.17894239,70.3917643,120.0222734,42.28456105,4.698284561,0,0,730.1595838,347.676405,27.75281023,75.36584747,16.74211146,2.642451759,14.93052653,5.140107945,4.241382241,0.581429266,2.642451759,2.642451759,19.39588802,8.977943315,46.7669134,159.6700464,132.7427215,215.1408948,241.5597279,184.0177228,1149.525243,44.18717687,117.0535134,19.05849039,35.70874664,0,15.81545834,12.49884207,19.00831843,7.006174784,38.25690304,36.70130661,86.77834213,84.2221027,37.10658101,67.97712085,108.7805065,389.2401675,730.1595838,79.20379061,0.101204513
Forest Park,3207,1286,3324,1332,3311,142.0830983,19.94801118,2143.26797,1024.367811,14.07772351,0.05371248,1387.376547,386.2842303,1043.210278,1429.494509,0,41.89424405,37.85528068,733.1930151,0,0,0,0,0,0,0,0,0,0,5.255102041,5.870133045,0.245196003,2.806592621,2.102040816,4.204081633,4.875487636,27.43821331,1.688177644,21.91573135,3.809487871,0.0895208,0,38.53576826,0,0,0,0,0,2.62755102,0,0,0,0,0,0,0,0,0,0,18.26993211,6.831632653,23.64459443,84.05278982,45.29003441,266.5574429,462.7888325,199.9834693,75.80516132,102.0922055,1429.494509,1077.091271,111.6477205,391.2383903,62.97837927,11.57175407,1.26250709,51.96831987,0.057912666,0,104.8911752,0,18.5649957,1.444545276,125.1372197,494.3115039,333.0680013,233.1880749,149.1513901,260.259797,2829.340124,60.86454532,18.10866562,10.08316676,21.45864724,36.07658104,89.41676121,8.294448743,12.68629052,22.49771165,67.55070547,39.24670672,106.8427355,99.38542836,45.97242811,137.3189069,653.6907797,1287.943646,1429.494509,80.1,0.021875221
Foster-Powell,7335,3159,7827,3297,7624,1124.619638,570,2732,1730,273,23,2901,1643,1568,3183,28,288,360,1243,0,0,0,0,12,0,0,0,0,0,0,11,13,16,0,85,65,416,294,178,138,0,0,0,0,0,0,0,0,0,0,0,0,0,0,0,0,17,0,17,0,126,250,744,666,145,0,18,0,0,3211,1719,248.3313546,855.3727039,0,4.633456602,282.6252465,3.879320679,182.3009404,29.36333199,160.655737,319.6425055,145.1370459,36,873.0995608,883.684521,801.9648428,388.9478282,1692,1157.681503,6502,103,174,194,134,55,102,107,171,96,189,318,539,464,210,245,110,1983,3211,76.21616385,0.566479463
Glenfair,3417,1302,3663,1437,3624,797.0173697,462.7455214,370.7456848,255.6381759,113.0612151,0,1142.243033,1130.918264,175.5039513,1186.713473,119.7087418,324.0931744,386.4714201,722.5292558,0,0,59.95681818,0,14.62091503,25.58660131,143.2398916,0,0,0,0,14.62091503,71.27696078,12.79330065,50.94763072,106.9453728,101.2116533,287.5615642,74.01838235,42.30904635,0,0,0,0,0,0,0,0,0,0,0,0,0,0,0,0,0,10.05187908,0,23.42983512,0,56.71590909,64.64784611,86.62756239,59.86013072,0,0,0,0,0,1306.422215,725.0036542,195.2434368,536.1909308,31.47207637,38.46587112,268.0954654,10.49069212,259.9360382,25.64391408,0,150.9494033,396.897852,50.1221957,896.9541766,653.3369928,553.6754177,372.4195704,1026.394318,1027.505012,2226.025349,169.6436126,251.8908868,79.27565359,151.9106729,29.24183007,31.42852793,0,22.68636364,90.01576797,123.2834299,181.5415181,90.66717914,53.30466429,0,13.70710784,17.825,301.3331625,1306.422215,77.2,0.9976
Goose Hollow,6360,4680,7088,5075,6951,1383.797269,108.978779,3882.203032,2185.476573,102.6705289,0,4101.670478,2784.514857,1539.589144,4144.260281,179.8437199,959.3560925,811.0782922,305.281933,0,0,102,0,0,43,0,0,17,0,0,0,19,2.44934334,120,216.8437199,406.7629938,927.7528776,853.2857867,318.3578165,163.1659906,37.24859287,0,2.44934334,0,0,0,0,0,0,0,12,0,0,0,0,0,10,0,27,41.09943715,65.44934334,34.64656965,177.8448101,239.3643831,189.5847827,103.8433903,68.42890827,62.68069571,30.0956848,4324.104001,885.4478982,195.226025,505.5701414,35.84654431,23.47293578,116.3246025,16.18664312,20.69614743,21.21593304,78.04665748,33.79953917,189.3091224,2.391926652,345.4593261,185.6446582,102.9407213,1008.676938,1488.746235,931.7920855,5328.940799,525.2158613,253.3305613,149.9209979,33.76824198,242.0994371,143.3943005,231.2958775,257.1724811,40.13685919,378.6269966,529.5532427,407.0818163,355.2161655,287.1367831,130.3881142,359.7662644,1062.038005,4324.104001,81.8,0.503693154
Grant Park,3937,1534,4139,1573,4139,292.9315367,36,2059.950739,1144.776376,81.80819106,0,1283.848124,320.99694,1044.659375,1365.656315,0,37.28664073,58.51512975,995.4030546,4.762645914,0,0,0,0,0,0,0,0,0,0,0,6.879377432,1.587548638,1.763942931,6.702983139,2.469520104,50.85989909,13.58236057,51.05552008,16.06753094,12,6.111940299,0,10,0,0,0,0,0,0,0,0,0,0,0,0,0,0,0,0,7.858208955,6,30.22157051,75.22213816,588.631776,345.036069,89.84328358,28,11,1365.656315,1039.54319,209.1955391,175.5154319,0,7.036751649,28.35511261,30.52816896,30.56329688,0,5.81885691,0.169484179,33.95289305,56.01392468,126.5184557,669.8775351,498.4185892,180.8171563,117.7069444,283.3999243,2716.629059,33.93933144,0,23.16320475,11.4695201,21.11413748,46.84445804,6.472625525,9.363401867,33.78715131,73.88637556,60.95673387,123.6127508,156.6872499,125.0082201,161.8048225,477.546332,1191.813046,1365.656315,82.09252737,0.039164779
Hayden Island,2270,1539,3054,1805,3006,210,180.1524783,707.4841675,390.8725391,92.09292035,8.464788732,1082.931866,459.9779162,731.2697705,1175.247687,16,39.57815922,18.87633025,190.7563003,0,0,0,0,0,0,0,0,0,0,22.30457227,6.788348083,0,0,0,33.97448259,0,38.35198358,41.88507297,71.92118048,32.93178985,9.325461619,0,0,27.78834808,0,15,21,1.128772636,33,19,23.39839034,31.55086863,44,6,23,8,13.57669617,0,32.18362832,77.73259468,60.60632823,76.20239579,113.0091434,144.0219844,122.1098924,0,8.727876106,0,0,1191.247687,693.5036324,0.743761739,23.61474214,23.66264984,0.584384223,43.88050225,0,36.58044537,0.354172257,0,1.770861283,0,0.265629192,39.27215452,209.0481909,156.2645301,162.9593302,152.0360333,411.4754148,2064.114881,24.09732881,38.61476084,22.87905605,10.66740413,35.3859336,43.03685683,31.03244838,61.66217215,15.75811209,50.20620033,126.637643,198.846805,215.8359404,96.00943715,136.063085,84.51450295,901.0369192,1191.247687,79,0.313176311
Hayhurst,5382,2494,5649,2488,5564,456.1887836,92.35413337,2855.689685,1784.17204,83.64566166,0,2067.227463,781.3345378,1501.816338,2283.150875,0,80.05172499,220.3486692,1228.66184,0,0,18,4.316044595,5.395055744,38,0,30,0,0,0,0,30.21231217,0,7.29245283,35.92155751,15.10615608,169.0227407,76.77923329,157.2457742,19,47,6,30,8,0,0,0,0,0,0,0,0,0,0,0,0,0,0,0,4.316044595,14.09258362,24.77653902,133.1686818,500.075253,818.2567974,44.00773875,20,8,0,2283.150875,1481.016143,87.12787006,289.8479287,59.80351728,0.298930831,51.05111807,66.03759854,96.1918094,0,31,2.062622736,8.687540912,16.07615099,167.3413459,1030.542392,815.9398719,468.3942505,367.3825802,578.9222965,4184.358512,124.6616578,10.22132945,48.3160446,46.00518759,71.16591007,47.33351831,44.22054802,46.40862821,69.56665051,120.3799204,153.0551429,301.1092062,197.2123122,221.9398842,319.5753913,461.9795437,1574.693638,2283.150875,79.57733383,0.403380172
Hazelwood,23462,9801,26700,10894,25233,3955.856483,2581.165626,5215.187351,3497.572187,1196.723941,44.41764488,8805.866107,7235.604782,3154.827709,10096.3463,294.086187,1380.772198,2212.42533,4759.902036,21,0,10.62780269,57.70340529,66.34131737,32.75017693,35.1740638,86.97342995,94,64.48832074,75.70276315,233.6324567,45.34302823,197.7714986,239.4933057,423.8048578,1005.567057,1614.303001,523.3213539,660.0235587,114.5897818,73.35166538,95.29357088,43.58791634,0,10.67579127,42.29946023,55,53,0,12.75336323,0,0,5.97295423,0,0,0,47.7293157,46.24096386,182.9256035,263.5278995,437.6407411,751.2681848,1814.709844,647.235769,132.3536744,0,8.344202899,0,11.71693596,10390.43249,6043.586728,1131.510196,2729.710341,436.0611835,330.1479331,1687.420687,98.70708957,1133.253889,690.5184157,320.6589552,918.1309015,883.2812135,126.8958891,4344.863877,3387.265691,3073.39676,1845.982706,4951.794989,4530.395035,19390.58153,696.4228346,573.5248445,570.7663901,457.6159125,867.2750776,669.9116808,512.498068,493.3028546,475.3890739,991.5604002,927.3376452,1017.03725,922.5647489,437.1197747,530.9932139,247.1127218,4523.394704,10390.43249,76.00789072,0.873128395
Healy Heights,187,74,183,67,183,19.29028265,0,96.59077599,50.23792094,0,0,62.83089312,10.04758419,52.78330893,62.83089312,0,0,0,44.61127379,0,0,0,0,0,0,0,0,0,0,0,0,0,0,0,0,0,2.143484627,0,1.875549048,1.60761347,0,0,1.473645681,0,0,0,0,0,0,0,0,0,0,0,0,0,0,0,0,0,0,0,2.009516837,0,10.04758419,31.61639824,8.573938507,3.483162518,0,62.83089312,43.94143485,6.997886241,17.30130669,0.070330515,0,0.632974635,0,1.301114527,0,5.520945427,1.301114527,1.12528824,0.808800922,10.05726364,20.36068409,10.02209839,12.37817064,2.947291362,19.34089162,103.1551977,0,0,0,0,0,1.875549048,5.626647145,0,0,2.545387994,0,6.564421669,4.82284041,4.688872621,5.224743777,31.48243045,55.73060029,62.83089312,81.8,0.3058
Hillsdale,7871,3686,8500,3785,8417,748.7582119,156.3395114,4815.746592,2590.774473,195.6909316,16.91472868,3402.873008,1395.658952,2312.635512,3684.475576,23.81888848,279.6226028,285.5577491,1881.855795,8.48852459,9.05442623,10.22820783,13.08102689,4.604944256,7.922622951,0,13.0157377,0,11.31803279,12.23508459,5.638242894,55.78768783,5.664066309,9.328132618,34.5886526,83.93973681,466.5263927,181.9001012,210.7522079,68.98020525,7.574049507,16.32754797,12.74767171,14.63824289,0,0,0,0,0,0,0,4.514925373,0,0,0,0,10.18622951,1.879414298,4.75492806,8.38249115,42.14776596,17.22623704,146.7069524,312.0191997,1297.284889,480.3057631,59.25693453,12.00367335,13.14296276,3708.294465,2515.736392,205.2667783,248.0406364,53.8810695,2.884345163,79.02326796,98.35446769,84.69375247,13.18534168,11.92911802,2.189853958,15.85877002,19.3995326,168.0580214,1269.492591,964.9124216,764.3693248,699.7904712,674.2834487,6654.596647,192.2090003,58.78643635,66.82543282,113.3337995,70.46319016,122.6903995,83.83189295,65.74851822,197.8681328,166.8693287,257.032821,387.9361128,442.3762113,200.4614351,374.7793477,907.0824055,2424.450609,3708.294465,83.35412999,0.144510596
Hillside,2202,1191,2356,1196,2356,89.68937955,24.16488223,1458.899359,678.2493045,30.84211827,0,955.0086886,234.9619162,752.0430498,981.6669755,5.337990446,15.19111718,23.60977104,344.9691422,0,0,0,0,0,0,0,0,0,0,0.221538462,0.193846154,0.083076923,0.775384615,2.955964421,0.221538462,21.49824741,12.91180899,12.95348378,36.24505683,9.82144622,14.44307692,0.124615385,0.946466809,8,0,0,0,0,0,0,0,0,0,0,0,0,0,0,0,0,0,7,36.75749758,58.87519025,192.33505,221.362087,253.7477666,51.53182322,36,987.004966,635.6238144,78.70637058,152.0661919,10.15429571,0.303727566,31.66927063,26.70480887,8.18312698,0.110446387,29.1900339,0,1.442072104,8.76763605,47.69331542,281.3241452,186.29337,159.3772703,80.8669618,140.4653226,1744.864167,43.76067005,14.77280668,3.061805304,10.11809257,12.2274901,13.70142219,16.11804645,3.57949267,24.66265195,36.37695097,56.58248723,26.93594923,86.38466025,66.10769231,51.74658899,520.868159,865.6094146,987.004966,79.2,0.036534071
Hollywood,1578,1028,2260,1457,2232,344.2775382,65.6653249,1337.9802,856.192389,178.0452012,0,1071.664926,619.4542583,712.0684044,1277.605022,53.91764055,145.4271857,122.2727073,320.9363594,21.2774102,0,0,116.2599195,6.458884416,11.8412881,0,0,0,0,0,13.4560092,25.29182879,5.836575875,10.79100725,98.4477734,48.52979126,83.13902275,266.2094743,93.26951546,15.33702974,5.38240368,0,0.046801872,0,0,0,0,0,0,0,0,0,0,0,0,0,0,0,0,0,4.844163312,10.76480736,23.36241172,107.7479345,265.3115296,90.64384343,0.365054602,0,0.08424337,1331.522663,670.2997931,100.9552797,117.0437949,0.058559438,0.855967078,14.78439341,6.731973454,33.04358427,0.025766153,33.04358427,0.042162795,18.89194792,15.41420586,100.4612513,303.785681,273.2395835,187.1410274,346.2619704,321.8046809,1946.957961,152.1847028,47.45875613,8.884400886,34.01602207,54.69340886,56.67809633,55.60160095,34.76784501,25.21734199,73.24457477,76.70750852,291.3524096,150.6564509,45.53673456,101.8551149,122.6676944,503.1239879,1331.522663,74.88112875,0.301635626
Homestead,2019,1218,2250,1383,2237,199.9612502,13.50801259,1429.446893,734.569976,37.23637271,7.586705202,1163.61444,504.9245643,775.2551067,1224.849471,55.33019976,228.6536487,131.3455574,311.4480297,0,0,0,0,0,0,0,0,0,0,0,0,22.25433526,30,0,53.8037631,114.2479334,317.2380285,132.856795,74.23893685,73.36465176,0,10.12675329,14.66763006,0,0,0,0,0,0,0,0,0,0,0,0,0,0,0,15.1734104,0,35.96056323,6.715084119,28.73046215,48.41340014,145.0669657,103.6724073,47.92497356,5.723577236,0,1280.179671,534.1152938,87.18848918,149.6047494,2.89947915,0,4.780169101,2.960436562,9.825903151,0,41.69369716,9.825903151,9.090165714,7.292168476,77.72783765,239.6147664,116.5400353,174.5948242,193.9131442,198.7564933,2016.106228,40.90005522,23.83298126,24.94404479,27.58341557,48.22914219,63.36137017,44.10404624,44.80893271,25.88954172,85.55325595,75.71777847,262.4389791,83.98251209,155.5794794,65.67266142,207.5814747,437.3808437,1280.179671,80.65,0.1814
Hosford-Abernethy,7251,3503,7740,3777,7606,732.0894871,97.90009264,4026.187409,2136.273971,201.5899476,13.58609778,3172.533193,1534.160312,1951.738726,3485.211258,0.68777991,311.603747,415.4960338,941.8462867,0,0,36.54143202,0.735764555,0,15.93769799,86.4318618,0.19193858,10.74890585,0,0.127959053,0,15.91170825,0.383877159,35.93392755,124.4907881,109.2750801,396.9526005,189.6043279,450.7123658,147.3930516,21.78804539,1,0,9.75339186,0,0,0,0,0,0,9.237360754,0,8.273531778,8.866719872,0,0,0,5.87832048,0,0,12.70537422,45.68696553,182.5816129,261.3859238,602.6226673,502.8575253,76.28472501,0,44.07712082,3485.899038,1673.152856,145.4210749,171.5763861,58.32188841,12.721511,139.1137584,30.06226672,28.62239373,8,18.4386014,0.386311519,69.88629455,4.122624157,129.4562254,739.4463786,643.8163525,553.205367,719.8059057,476.7053838,6334.864639,149.091314,132.6460444,171.8878799,15,169.972176,101.8999027,93.1651594,142.6796782,67.82971316,188.8585648,301.1298793,335.0784921,240.7834096,320.3018401,548.9929433,506.5820411,1770.21124,3485.899038,80.39872018,0.150209689
Humboldt,5110,2352,5522,2612,5415,656.6897549,98.67396178,2648.035967,1714.649746,150.6230356,22.855529,2344.982708,1209.069622,1342.899908,2528.887033,23.082497,341.5504276,227.8721913,940.5864118,20.29447368,10.43578947,26.43578947,55.21713696,23.97052632,11.40631579,25,37,0,26.20132751,13,20.13894737,94,9.2625,18,32.82806017,83.54686524,176.5144735,241.4154386,200.5534264,159.8557016,37.08621635,0,1.267368421,0,0,0,0,0,13,0,0,5.205655527,5.994140625,0,0,0,0,0,5.994140625,0,10.21478873,54.27410773,127.3980346,313.6108802,507.4395918,114.6230967,2.534736842,0,12,2551.96953,1171.650129,138.0964464,110.6289103,228.1670816,9.641964077,52.49265451,11.86412751,25.83336932,1.479962248,0.126673905,7.671607754,29.49531347,84.61492686,197.8420412,900.3381697,782.5938065,524.8817515,967.7555564,631.9457631,4456.732559,127.8676608,226.7477804,74.45820979,140.0693565,48.0804134,111.368143,82.81892173,50.32768194,86.72163869,145.1586237,115.4511925,386.1580235,202.997641,159.3618615,323.0311158,271.3512659,1172.289173,2551.96953,78.14861757,0.236385504
Irvington,8501,4023,8852,4130,8828,711.9782602,201.3859666,5028.929032,2556.350148,256.1804215,22,3639.067358,1668.069605,2350.05125,4002.112916,16.00793885,445.2974216,317.771497,1466.767206,6.226921083,4.240423798,31.04319478,19.79689318,59.4792176,20,0,0,2.278824416,0.976639035,32.89188118,24.97179919,11.93235534,3.472494348,81.1297989,79.86038739,61.03645885,398.83231,322.8482508,386.7528736,123.563655,51.28556534,16.62292558,0,0,0,0,0,0,0,0,0,0,0.986145069,3,0,0,60,0,1.302185381,4,29.13178001,13,85.3627447,115.5747607,927.8613518,677.835388,293,42,25,4018.120855,2239.490386,210.6929186,289.833379,3.94564997,15.6956143,83.76567435,101.410493,27.39758629,0,20.46186566,0.950528359,16.15788604,11.82493458,79.59628907,1142.125829,669.1463599,754.8988606,645.0038804,683.2273381,7121.652114,191.9839956,130.9583019,111.5377828,118.5153365,75.04358969,97.5846624,126.4257798,106.6702437,78.18035563,167.2765501,463.8930064,347.9794273,448.4431775,199.1936867,346.7711935,1007.663765,2278.054356,4018.120855,80.75439591,0.06724089
Kenton,7272,3156,8088,3649,7890,653.7776831,359.3648991,3137.898533,1945.20623,152.0495502,0,2928.903665,1502.900706,1657.589432,3155.85789,4.632247816,230.7447027,167.000079,1088.970721,1.544082605,25.35268113,0,0,0,0,17,26,0,6.230708035,39.16793893,20.82471708,9,4.531424025,17,16.0367713,96.11479717,152.1962014,100.7555056,193.6478298,95.34291932,18.48091603,19,0,15.0293884,0,1.286735504,2.058776807,12,3.474185862,0,1.544082605,0,2.058776807,0,0,0,3.860206513,0,42.43408072,17.25507026,25.49869609,244.9781529,873.6687022,612.1704113,356.0841515,51.09886947,7,0,0,3160.490138,1729.787032,66.97688846,70.69439227,10.94097074,78.34215387,173.5926369,8.550308008,91.22710964,0.869331902,44,4.346659512,0,36.32711551,186.0594567,742.1552083,618.9724915,284.5716183,585.5908687,819.346717,6028.769335,160.08279,135.230708,129.1286021,69.04991741,52.74846438,55.58318757,97.3478256,59.37590501,79.01478162,290.3462194,374.9923047,416.4817759,391.117066,317.8151465,329.7025833,202.4728605,2271.500287,3160.490138,78.3,0.215399822
Kerns,5340,3243,6963,4687,6829,819.1739877,301.9823083,3565.025085,2674.313657,141.3967635,0,3609.071485,2880.823152,988.2246318,3686.047783,183,958.780738,789.4610301,438.9788987,0,5.346195608,3.927548441,6.98230834,3.49115417,3.927548441,0,10.57608696,0,7,15,0,31,45,87,197.9484176,469.7937392,997.8134072,626.455793,532.3711844,183.8353322,20,4.363942713,0,0,0,0,0,0,0,0,0,0,0,0,0,0,28,0,33.49094203,0,0,5.288043478,52.21827288,67.0786106,341.7833184,75.24386075,12.33876812,0,0,3869.047783,981.2159459,227.9453779,89.56186327,3.224475765,0,96.55752703,13.05616503,9.673427295,22.99241603,0,15.1802894,22.35373781,7.245228314,88.50044434,326.8869976,325.9657188,844.6892224,954.8004935,908.8055752,5667.028536,187.7220874,97.72400426,194.8807984,216.0478677,373.5083591,123.3346075,172.6470867,334.5537518,181.7325665,409.860805,588.8112171,375.6791227,167.2502699,108.5875119,121.3001745,215.4075529,615.4418162,3869.047783,78.2,0.2856
King,6069,2654,6738,3167,6699,984.1133444,263.2172863,3219.3899,1908.536347,265.3868264,23.26662824,2707.522613,1562.416032,1451.109872,2979.876099,33.64980525,316.8697771,472.8449488,1195.847198,61.21377518,44.85876024,64.88105124,0,0,11.37102014,68.06107862,0,3.65497076,3.248862898,0,116,29.06107862,31.89386239,24.22390438,78.84711806,48.18932727,231.6265721,231.7540251,232.0010087,271.0312364,22.89394771,3.714902808,0,0,0,0,0,0,0,0,0,3.794344473,3.005859375,1.51498847,0,0,0,0,3.005859375,0,36.90861207,31.86631429,212.201986,449.1043375,528.8594853,100.2655536,0.897770945,0,0,3013.525904,1396.617799,121.815129,111.7244438,73.23627925,22.14098557,40.72343214,38.13219137,200.2210907,0.910194175,10.61832408,29.54670659,5.862729013,24.46877372,280.6051221,888.6415962,785.6789395,607.7476762,1254.100036,890.9652058,5501.350618,387.4667392,140.0111832,100.2190584,129.305396,69.75726308,96.63035376,23.44840635,81.47190631,47.76922106,152.8355767,333.5009282,368.3075507,235.9834264,181.3165907,340.9698733,324.5324308,1371.425111,3013.525904,75.62540042,0.455994953
Laurelhurst,4633,1819,4878,1881,4835,239.4331519,53,2680.806781,1562.121049,102.7547452,20,1737.078828,466.9225664,1404.622964,1864.478447,7.067082683,62.55360454,79.44429701,1138.754515,0,0,0,0,0,0,0,1.423913043,0,0,0,0,0,0,0,12.30384194,18.42164926,130.6482907,55.45351325,38.15166802,18.80674586,10,23,3.533541342,0,0,0,0,0,0,0,0,0,0,0,0,0,0,0,4.509057971,0,10,8.711956522,36.31929418,55.36037441,633.0744675,474.6823648,135.2228543,110,51.36037441,1871.54553,1301.932185,81.17379885,85.85805829,23.16513761,0,14.765594,12.04587156,0,10.19266055,0,17.49860968,10.19266055,19.4587156,57.34264638,958.2662775,706.2295802,311.2907076,187.9647036,377.9462099,3590.21584,42.75639569,19.06708268,38.66251215,13.4274571,38.87614602,25.25429017,21.3947947,88.27978673,47.57150569,52.65958138,78.97301403,141.6707449,133.2453127,278.9890796,281.2115594,569.5062671,1519.240744,1871.54553,82.7999808,0.052198138
Lents,20465,7809,22244,8414,21641,3136.001164,2383.500524,4206.86226,2944.147476,912.1152689,0,7531.005591,4889.477325,3647.643535,8417.488187,119.6326733,779.5566783,940.0963988,4139.283625,0,81,49,93.61764706,7,64,56,59,0,62,143,194,40,85,78,395,274.6176471,640.3163366,630.9761988,647.5800233,106.7254902,41,0,0,12,49,0,15,0,0,9,18,0,8,4,11,7,33,35,117,124,562.7183168,978.6570957,1649.323801,486.5720346,296.7701417,301.2575131,1.406930693,0,23,8537.12086,5059.464065,732.501282,2521.794695,421.0279642,112.2099424,812.7833348,68.92436306,614.4701075,348.3750758,1004.336685,697.6965851,181.6962226,29.78021925,3098.553221,3536.55749,3131.442588,1817.823071,3427.731334,3162.642319,16693.08321,588.0049505,364,215,290.7427199,405.2503203,339.3039992,223.7430693,542,416.5466997,806.7476121,698.1379538,1535.263861,742.7897884,495.9244516,528.4956319,345.169802,4741.705834,8537.12086,76.59368105,0.77135958
Linnton,948,477,1096,533,1086,71.23406991,15.44116686,474.277309,233.5594507,20.96088435,0,397.1112954,148.2567298,289.7326513,436.8496431,1.139737991,15.51171503,24.62256283,149.0191427,0,0,0,0,0,0,0,0,0,0,8.384353741,9.222789116,0,4.192176871,3.353741497,7.340670766,6.707482993,19.28401361,0.633187773,3.773619793,4.192176871,0,0,0.909736308,0,0,0,0,0,4.192176871,0,0,0,0,0,0,0,0,0,0.69650655,1.891501443,10.89965986,37.31909663,44.74053115,72.69275614,88.58516317,83.6729406,16.23292252,0.569868996,0.956389452,437.9893811,229.4613594,35.74644716,48.10886414,0.547427371,18.44557823,2.857091303,27.13584727,2.574521833,0,1.098075131,0,0.16100805,0.28256947,4.116174484,116.2167119,105.1946572,63.51803938,65.13896021,125.4580796,770.8020789,25.15306122,3.353741497,15.93027211,31.86054422,3.353741497,9.017541514,12.57653061,18.24033063,8.836968276,17.37794708,2.556051091,59.44514611,37.02717711,50.16634732,52.52354773,90.57043307,362.4495134,437.9893811,81,0.022347788
Lloyd,1142,772,2776,2072,2265,301.6966107,40.21432391,1328.998919,912.6149717,158.0552704,0.504297994,1319.006854,1087.242256,540.232031,1552.382651,75.09163656,349.911518,462.4491934,99.02726295,0,0,0,11.69109038,0,2.449455677,0,0,18.492732,12.35780494,4.478472994,13.56989622,0,39.71439337,1.870201097,27.83496609,23.81633118,208.5458765,395.1667109,462.7235919,154.6632887,35.97870112,20.86715553,0.283667622,0,0,0,0,0,0,0,0,0,0,0,0,0,0,0,57.42978863,0,3.730525047,11.89111748,16.02410088,17.3316493,67.34027502,1.996579415,0,0,0,1627.474287,279.9349763,31.36502997,56.00139277,0,11.44582303,72.50645435,0.857963446,28.8365243,0,10.27345313,13.10751105,7.864506627,0,60.0819951,90.06984007,73.73306314,561.5217533,407.7264554,464.3866768,2152.779658,129.6756039,79.61847641,124.4149422,167.2921935,11.87645727,20.09995269,21.62843348,175.3944609,29.96109254,92.90657051,234.374073,151.882316,207.2562269,69.87360373,67.28375942,43.93612494,175.7440358,1627.474287,77.00376525,0.510216549
Madison South,7130,3119,7217,3183,7001,970.7474178,323.0976699,1838.192529,1121.489371,184.3352436,0.024832856,2371.198173,1448.060595,1154.572154,2587.632748,15,505.3296035,198.1153848,975.5269196,0,0,37,0,0.012416428,0,0,9,0,6.193654267,28.20070012,0,24.07264184,38,45.16487662,17.02483286,84.41947042,184.3880554,498.870189,151.726304,20,0,0,0,16.02483286,0,0,0,16.51641138,0,0,0,11,23.74795799,0,0,0,40,0.024832856,11,0,59.16141356,315.2599069,506.9936979,363.8742611,86.52171795,8,0,0,0,2602.632748,1374.752817,50.45733777,320.5779497,37,0.367627766,102.930736,21.34447572,115.0820201,0,25.53067996,154.5268927,80.22007595,0,412.3596687,913.8064178,807.43121,253.2505445,530.9098356,705.6333103,4963.621148,103.4116891,120.3276428,73.89281743,146.0368376,48.19486581,38.3184311,176.4118697,254.0918964,55.26945465,248.4121405,183.6929499,342.8960798,221.7497518,219.7752365,305.4268874,64.72419793,1458.125033,2602.632748,82.57464489,0.759447254
Maplewood,2557,1129,2826,1183,2758,165.4230977,7.463928968,1600.980022,918.8801332,121,0,1139.265261,372.8967814,905.3684795,1278.265261,0,75.73695893,96.01220866,445.0077691,0,0,0,0,0,0,0,0,0,0,0,0,0,0,0.698113208,16.73917869,6,11.03662597,53.65260821,58.56048835,58,45,20,39,0,0,0,0,0,0,0,0,0,0,0,0,0,0,0,0,18,13,42,97.09433962,200.7658158,451.8579356,131.4084351,8,7,0,1278.265261,808.7935627,23.18088588,49.52105608,0,18.16146629,7.016146629,0,0.016146629,0,0,1.11411739,0.371372463,0.581278638,2.357407811,274.5125464,219.7643465,184.9129391,27.54605993,242.5588043,2247.243063,0,13.14983352,22,39.86237514,21.45172031,21.34073252,64.09433962,16,46,35.88901221,93.10876804,167.0754717,85,140.1886792,134.5604883,378.5438402,969.1265261,1278.265261,79.01263259,0.044572517
Markham,2248,974,2369,971,2345,106.2786921,9.811320755,1016.011223,594.3923227,1.706896552,0,924.5133377,306.2440631,656.8629636,963.1070267,0,9.731050748,29.43396226,554.7046194,0,0,0,0,0,0,0,0,0,0,0,0,0,0,0,0,0,40.52830189,17.66037736,20.60377358,32.29708848,0,4.905660377,0,0.663793103,0,0,0,0,0,0,0,0,0,0,0,0,0,0,0,0,4.905660377,34.69811321,229.9748699,229.5392811,297.6937215,4.504310345,0,0,15.69811321,963.1070267,663.3753253,35.52145825,72.15837946,2.055851898,0,22.53463563,2.456950457,0,0,3.071188071,0,0,3.071188071,6.142376142,388.0836248,266.1884892,97.25488035,67.47560182,169.8820953,1867.899805,5.886792453,20.60377358,40,20.60377358,0,27.08230319,0.663793103,15,38.67924528,77.68998048,60.03440143,110.3939493,200.8279115,149.299203,55.38768705,140.9542128,817.6778627,963.1070267,82.45385996,0.010884022
Marshall Park,1182,495,1199,485,1199,50.28150172,0,754.421285,323.5672772,17.16594828,2.096439169,451.7802747,93.69243547,387.1336095,480.826045,0,18.37731345,7.454005935,436.2058733,0,0,0,0,0,0,0,0,0,0,0,0,0,0,0,0,2.56231454,2.329376855,2.329376855,17.47032641,9.059806034,0,0,0,6.675646552,0,0,0,0,0,0,0,0,0,0,0,3.028189911,0,0,0,0,2.329376855,14.90801187,23.20326569,109.614149,238.5231089,48.79309545,0,0,0,480.826045,385.8674617,27.15121453,57.80992618,0.503205128,0.726851852,14.98965386,2.261858512,0,0,2.128427128,0,2.46011396,2.967102342,7.555643431,221.7467717,140.5462038,94.67354867,44.43346465,77.23865949,895.4929781,2.329376855,4.891691395,0,0,5.12462908,13.3512931,14.59552786,2.56231454,4.891691395,25.87229484,20.0736164,38.94682416,45.70201704,73.59405537,62.84890291,166.04181,447.0748443,480.826045,84.32075472,0.047483962
MC Unclaimed #11,2,1,80,39,80,0.144115292,1.178878428,28.55505526,15.91485878,1.178878428,0,19.25501433,6.090871879,15.09619321,21.18706508,0,0.491199345,1.080638559,6.64756447,0,0,0,0,0,0,0,0,0,0.32746623,0,0,0,0.098239869,0,0,0.098239869,0.360212853,0,1.015145313,0.163733115,0,0.130986492,0,0,0,0,0,0,0,0,0,0,0,0,0,0,0.098239869,0,0,0,0,0,1.211625051,2.783462955,4.650020467,4.846500205,2.488743348,0.884158821,2.030290626,21.18706508,15.45640606,2.037037037,2.834757835,0.128205128,0.185185185,0.384615385,0.142450142,0,0,0,0,0.626780627,0.213675214,0.84045584,12.53561254,10.28490028,12.87749288,4.289807614,4.928774929,41.45722472,0.753172329,0.458452722,0.098239869,0.098239869,0.687679083,0.261972984,0.98239869,0.130986492,0,2.226770364,0.392959476,1.244371674,1.539091281,0.949652067,2.259516987,9.103561195,18.99304134,21.18706508,80.5,0.1226
MC Unclaimed #13,81,35,107,27,107,5.836669335,0,46.37643836,19.28931507,0,0,30.25315068,5.042191781,25.38684932,30.4290411,0,0,0,32.77424658,0,0,0,0,0,0,0,0,0,0,0,0,0,0,0,0.175890411,0,0,0,0,0,0,0.293150685,0,0.644931507,0,0,0,0,0,0,0,0,0,0,0,0,0,0,0,0,1.75890411,0,0.175890411,1.876164384,4.397260274,0.879452055,5.980273973,9.029041096,5.042191781,30.4290411,24.85917808,2.724537037,3.791488604,0.171474359,0.247685185,0.514423077,0.190527066,0,0,0,0,0.838319088,0.285790598,1.124109687,16.76638177,13.75605413,17.22364672,2.052054795,6.592236467,55.52273973,1.524383562,0.938082192,0,0,0.527671233,0.293150685,0.175890411,0.410410959,0.293150685,0.644931507,0.234520548,1.524383562,2.52109589,1.700273973,3.341917808,16.29917808,29.78410959,30.4290411,80.69230769,0.118819231
MC Unclaimed #14,7,1,40,5,20,0.523854069,0.544217687,17.92517007,8.673469388,0.850340136,0,14.96598639,5.680272109,10.91836735,16.59863946,0,0.612244898,0.952380952,5.442176871,0,0,0,0,0,0,0,0,0,0,0.340136054,0.37414966,0,0.170068027,0.136054422,0.272108844,0.272108844,0.782312925,0,0.136054422,0.170068027,0,0,0,0,0,0,0,0,0.170068027,0,0,0,0,0,0,0,0,0,0,0.034013605,0.442176871,1.462585034,1.632653061,2.823129252,3.333333333,3.163265306,0.578231293,0,0,16.59863946,8.401360544,1.360544218,1.802721088,0,0.74829932,0,1.088435374,0,0,0,0,0,0,0,4.183673469,3.80952381,2.074829932,2.380952381,4.421768707,28.67346939,1.020408163,0.136054422,0.646258503,1.292517007,0.136054422,0.340136054,0.510204082,0.714285714,0.272108844,0.612244898,0,2.176870748,1.428571429,1.870748299,2.006802721,3.43537415,13.63945578,16.59863946,NA,0.0218
MC Unclaimed #5,227,85,241,86,241,9.921951327,0.92879257,121.5688594,65.34904512,2.600619195,0,75.15257244,20.87153442,57.71757053,78.58910495,0,0,0.741573034,65.81782447,0,0,0,0,0,0,0,0,0,0,0,0,0,0,0,0,0.278637771,0,0,0.741573034,1.235955056,0,0,0,0,0,0,0,0,0,0,0,0,0,0,0,0,0,0,0,0,1.114551084,0,0.835913313,7.175113925,43.69280273,18.96347445,4.551083591,0,0,78.58910495,67.45016871,13.88266721,9.761464441,0,0.331961591,0.474741327,0.539437586,1.643335362,0,0,0,2.28223594,4.356995885,8.282567187,42.03140271,33.66724838,6.451871514,3.08988764,16.54887092,151.3004835,1.606741573,0.92879257,1.021671827,1.764705882,0,0,0.89734581,0.741573034,1.112359551,7.234354889,5.563989286,5.229763106,8.595366473,8.258218249,13.63937106,21.99485164,76.33293909,78.58910495,84.74,0.0095
Mill Park,8650,3176,9123,3226,8860,1674.946767,1471.665009,894.5342152,583.4945976,316.5560828,5.15470852,2650.038278,2192.859524,932.2275629,3087.341532,37.74555498,264.0328987,361.1685888,1916.29305,0,0,9.372197309,3,2.418639053,0,0,7.719617386,0,87.51167926,10.80621302,34.29677703,40,70.71895072,166.2619901,105.4151305,134.3922672,429.0238108,93.45040806,66.82439192,0,1.531804734,5.804733728,2.418639053,9,0,0,0,0,62,11.24663677,0,0,0,0,0,0,17.47705314,0,151.0309595,23.79737045,396.8855879,448.7676651,540.5563127,106.41743,5,0,34.6557971,0,28,3125.087087,2065.274741,718.7687126,1403.033424,139.4986143,0,702.2669499,25.16119829,594.946226,693.1796773,273.5804925,492.5429351,79.67796403,34.71611983,2286.265195,1516.953088,1416.682702,731.7083142,2268.667276,1092.152032,6059.939365,149.2710424,99.46350421,114.432035,247.884957,238.0931724,234.3448663,139.8286546,59.90470568,39.20222543,272.037812,598.3965487,336.4165093,297.2682483,68.34118133,167.1513,63.05032388,1834.834813,3125.087087,NA,0.946264
Montavilla,16042,6814,16809,7219,16376,2249.71155,801.1860973,6017.829749,4036.553474,598.601192,45.83528992,6399.940371,4105.379926,3028.884378,7075.264304,59,584.5662012,813.5417507,2521.366521,7.692175408,0,0,1.29659471,4.658682635,0,0,6.043852107,46,40.49492086,4.658682635,59.07076629,5.656971771,132.1562646,145.2092087,255.20833,283.6557269,303.1044133,542.2707235,537.0581777,71.62123816,1.648334624,0.706429125,0.412083656,25.85840708,44.32420873,0,0,12,0,0,25,0,0,0,26,0,8,6,164.0384438,245.9810528,155.746917,333.1105769,1973.535939,911.9608983,540.7342839,0,6,0,0,7134.264304,3813.552227,190.7545379,1590.802352,43.63587296,25.34776207,422.356049,166.3209948,303.1568422,6.553081603,338.2555374,732.8752141,127.3227505,18.35712188,1535.223157,1879.294204,1554.735153,1036.264588,2114.296293,2345.026109,12777.75308,473.6152041,301.5331392,219.007923,265.6800307,257.7576082,367.2285149,293.4191773,374.1848052,269.8653343,565.7302897,717.3578997,1135.126363,656.362699,217.1474709,675.4626547,344.78519,4478.290728,7134.264304,79.29516674,0.608614381
Mt Scott-Arleta,7397,3222,8037,3544,7979,964.3337166,553.6350593,2768.21418,1815.098941,182.8705085,2.593220339,3130.017447,1690.922871,1665.656876,3320.579747,36,274.6556924,277.7266897,1271.850285,0,11,30,6.04,0,0,0,0,0,25,11,0,0,36,25.15714286,72.71949153,146.8843584,256.6782711,131.3518906,203.0985776,104.5211823,11.79486953,0,0,10.99825936,0,0,0,0,21,0,7,0,0,0,0,2.881355932,0,0,7,35.50539724,104.2111592,253.2264165,1011.836924,567.3273483,243.6360496,9.427328111,9,0,0,3356.579747,1774.577286,203.361024,495.8462452,54,11.28743433,275.5403291,12.64024685,203.7468283,44.46319918,88.50470261,166.1405777,67.62562691,15.53481823,590.0157529,1076.08855,906.1130926,567.520477,815.8960701,1163.993711,6249.435159,122.8983051,139.5261378,99.40652353,103.6671429,122.8874212,99.97616462,56.79873055,217.0833606,107.791854,202.2239363,418.6632947,697.5728035,423.7862205,265.0745406,227.3872973,51.83601407,2283.050238,3356.579747,77.32103882,0.548135228
Mt Tabor,10162,4689,10727,5048,10449,1067.857082,420.629574,5106.952988,2766.779177,263.0468289,9,4331.622766,2067.402917,2653.617358,4721.020275,0,333.229819,454.2867672,1925.935712,25.30782459,0,0,0,0,0,0,4.956147893,0,2.637749121,2.717391304,73.15217391,0,40.34782609,60.99765591,120.2314212,191.8618694,407.2634886,205.3959086,267.1797168,44.75420971,76.7173913,84,49.97826087,8.14159292,0,0,0,0,0,0,0,0,0,0,0,19,0,5,3.185840708,75.49519231,53.73671361,83.68819009,227.0864688,495.7316677,1557.820689,294.2808857,124.2039991,50,0,4721.020275,2604.134506,169.1350129,350.2254512,22,6.880837815,91.61355044,84.28610386,32.79164949,28.89951882,69.67930262,32.11421238,24.56111646,0,188.0457998,1417.795171,1238.702147,656.0401642,880.6315129,1054.780974,8371.18515,240.0445652,148.9501659,102.1370793,134.4909585,89.54546574,216.7239944,247.2116335,159.600666,162.3127536,237.9909384,328.3946966,631.4190123,558.8061892,340.8756964,570.2768851,552.2395751,2997.37124,4721.020275,79.95143817,0.31495127
Multnomah,7312,3776,8268,4036,8226,915.8751428,173.6694696,4523.800854,2524.332378,292.5672325,16,3874.26495,1715.861345,2540.490398,4200.240721,56.11102183,419.5487766,259.1464658,1388.83681,6.51147541,6.94557377,0,0,0,6.077377049,0,29.9842623,0,23.68196721,2.764915405,0,0,11,163.4917647,124.1048513,185.67551,538.7563632,232.7093345,402.9544234,36.76141176,16.61882353,0,0,0,0,0,0,0,0,0,0,0,0,0,0,0,22.20657174,0,0,28,417.4284976,145.8782158,224.7525415,667.9647625,654.2363801,249.1794299,9.312989045,5.237647059,15,4256.351743,1923.101935,134.2709342,308.848978,94.99457918,6.115654837,147.2393558,136.6210325,57.75896235,12.23130967,15.46735913,0,46.96604071,0.947939955,212.6549568,1021.330313,754.589396,1294.633278,646.5777005,721.7450864,6720.668355,243.7309298,68.4701783,59.19344262,139.0714808,195.0216108,52.77230894,106.2390799,66,112.1803601,132.9333126,540.248641,926.1137833,450.597109,330.5620733,319.2636609,513.9537717,2439.197035,4256.351743,81.75324527,0.277168081
North Tabor,5408,2745,5663,2902,5568,819.6542732,230.2036572,2702.208108,1697.000746,304.3421422,0,2548.118056,1646.689032,1243.659577,2874.509295,15.83931357,403.4584721,373.5042268,841.7689269,0,0,162,0,27,33,0,0,18,13.86733002,0,0,48,177.747927,38.10707897,135.5984445,125.5498459,474.8288041,231.646844,235.1383489,25.57799875,0,0,1.419656786,0,0,0,0,0,0,0,0,0,0,0,0,0,0,0,0,50.52776183,9.516369428,41.37514603,251.6162695,201.3626655,461.9128818,51.42677221,12.99975862,0,2.555382215,2890.348609,1205.373375,137.5049384,202.5123752,141.5505944,1.276535522,26.46248422,33.68542708,1.276535522,41.14302249,0.627568173,6.768816665,1.696553054,1.492094476,130.0045904,666.9811879,526.6578792,430.2646757,803.0481503,548.9293395,4855.173073,294.9391731,79.680285,71.58304355,83.65067403,71.83432802,226.8871206,105.66316,136.6054604,61.51256549,220.9542718,293.3789504,290.21172,178.0170109,327.8836753,303.8017057,143.7454648,1083.293007,2890.348609,79.51430725,0.280156448
Northwest,13638,9613,18314,12827,17781,1922.655496,222.5232783,10032.55264,5977.346813,542.7802286,5.94628752,9363.888739,5745.298532,4600.316723,9874.615255,471,1513.248025,1825.6603,1240.564631,82,19,84,221,26,71,30,22,20,81,16,56.9104792,27,133.8209584,126,196,958.2990373,1745.988415,1320.248025,1777.019275,486.0420735,157.4690999,51,162.9104792,3.17635468,0,16,0,0,0,0,0,0,0,0,0,0,0,0,50,12,0,83.77931034,285.7354413,290.6136364,506.6408107,548.3641875,343.1863952,108.1024631,56.2309315,10345.61526,2602.103736,640.4299986,765.0203439,77.50870677,30.98947042,379.4892515,113.357173,15.19115154,20,24.35473654,0,48,35.45481629,143.0007044,790.2800731,526.9943324,2950.349395,2137.010735,1530.342888,13658.8237,1123.741241,561.8630454,262.9015271,419.7166458,386.0152172,300.9462875,330.146825,357.7314376,474.7260368,845.380045,682.1302241,1229.953019,948.555043,638.7362651,532.0013167,1251.07108,2303.829531,10345.61526,79.95624252,0.053951408
Northwest Heights,5719,2275,5931,2329,5931,227.6867789,2.848946661,3230.807636,1505.184184,0,0,2271.90613,498.4976072,1773.408523,2271.90613,0,72.25557809,20.97801504,1574.170367,0,0,0,0,0,0,0,0,0,0,0,0,10.754804,0,0,0,0,25.59877018,109.0637971,133.5103709,45.95234435,35.71537427,0,0.553752535,0,0,0,0,0,0,0,0,0,0,0,0,0,0,0,0,5.139486654,0,45.95234435,328.7809377,121.6273135,529.1669953,568.1376625,173.7912491,85.15295926,53.00796812,2271.90613,1615.06161,261.2761659,1078.384227,23.09159377,0,45.52423528,0.18620931,0,4.298616169,78.72380557,0,13.95093009,133.5817787,247.3765397,1256.837779,926.5379908,484.0120792,127.0044619,222.82151,4013.030331,74.28670254,0,13,120.5734051,4.680412371,15.87270282,0,75.61798616,22.92121991,46.95894754,124.5862308,152.8943411,129.0693472,281.9208301,273.9802563,935.5437479,1910.756917,2271.90613,NA,0.044137349
Old Town/Chinatown,3922,2137,4159,2655,2903,823.3364644,456.6490166,773.3494705,349.5249622,441.0378215,34,1521.385779,1850.801815,387,2206.801815,31,476.3434191,722.8048411,57,5.062027231,3.97730711,155.1013616,97.14674735,51.78517398,28.92586989,0,59,0,0,18.07866868,325.2118003,13.37821483,11,115,571.6157337,143.0332829,174,0,0,31,0,0,0,0,0,0,0,0,0,0,0,0,0,0,0,0,0,0,0,0,0,225,33,0,58,0,0,0,0,2237.801815,177,36.01455767,219.1215006,28.20660694,0,47,0.936730123,0,0,0,0,0,0,81,17.93673012,17.93673012,447.5660694,1031.282905,1057.848264,2969.69289,417.290469,375.9878971,195,133.4629349,403.1406959,51.51891074,124.2541604,13,56,6.146747352,75,119,90,31,121,26,316,2237.801815,NA,0.679129333
Overlook,6093,2756,7260,3720,7125,690.9463523,195.7352699,3522.536263,2362.608189,114.0101472,14,2682.257015,1156.08503,1697.337381,2817.122713,36.2996974,253.2560641,165.9984768,903.5282058,11.15625,0,0,4.551942267,0,6,0,0,27,13.83420572,24,38.39631336,20,2.390625,24.42396313,39.89766826,66.03912301,187.8071925,232.2598161,324.1797362,112.1903625,115.4804917,6,0,0,0,0,0,0,5.392111369,0,0,17,0,0,0,0,0,0,0,0,22.60475908,36.38715755,157.9289433,498.5484601,705.4250067,96.76714207,36,0,0,2853.42241,1419.061678,55.51100979,174.8834935,177.1874108,9.58147631,53.83824471,8.797491448,70.84315219,15.58939076,5.170828809,24.29783352,47.42995777,17.1983169,211.6870172,617.2148621,460.0482077,567.5514054,624.6995638,753.698318,5694.78708,124.1868217,16.01781896,95.27441882,81.02898683,47.05374387,80.72532741,54.93262794,76.85474585,129.8090408,171.1521718,279.0493256,331.1200757,380.2918651,367.9504611,231.1270732,386.8479057,1576.05358,2853.42241,78.29335174,0.316858305
Parkrose,6363,2314,6250,2383,5722,759.1531546,733.8655495,987.1049383,686.5623379,225.2812605,18,1889.38079,1545.222174,726.5318211,2240.780843,30.97315233,309.7834524,260.8206319,882.7749883,0,0,11.01554213,2.921052632,0,1.473289597,8.491096532,0,0.23181202,20.86842105,66.61426165,23,59.90373533,36.62726235,55.37044749,225.0820315,114.8386415,288.6334637,61.75499083,77.2896939,0,0,0,0,0.687074461,0,1.718837863,1.841611996,0.109805694,0,0,0,0.613870665,1.64795059,0,0.491096532,0.109805694,12.75291779,4.032545978,5.939710324,39.78868446,143.752523,137.8776351,559.3072475,187.5734314,53.76315789,8.569343066,0,0,0,2271.753995,1168.879802,47.77533976,436.5346822,31.30633491,37.44347021,264.9443479,0.145399204,175.9353844,35.19618444,10.07405926,72.02847421,127.3751857,29.05057364,476.4354732,776.3612332,649.892284,697.6487368,928.0503704,638.9312317,4280.276735,147.8319555,248.7886003,47.52164891,176.1968204,87.56918856,75.12727955,73.27748329,161.7309963,131.5253407,112.0557673,283.5970935,210.2716932,244.483628,112.5083115,115.7414462,43.52674221,1160.57725,2271.753995,74.21487405,0.763377477
Parkrose Heights,6119,2503,6223,2540,6142,607.7627119,404.6901042,1109.042969,768.4075521,210.4791667,0,1779.436198,1260.622396,805.4296875,1880.669271,185.3828125,211.6380208,129.6132813,844.8216146,0,0,0,24,6.947916667,0.868489583,0,0,13.89583333,0,0,33,0,0,54,100.6354167,144.6901042,71.92317708,79.92578125,82.66276042,26.18619792,0,1.736979167,0,0,0,0,0,0,0,0,0,0,0,9,0,0,0,0,21.02734375,31.36979167,140.5039063,151.0546875,854.5442708,116,8,23,0,0,14,2066.052083,1267.735677,88.19971056,511.0790159,0,130.2240232,110,6.590738061,62,120.4396527,0,185.2301013,265.4457308,1,634.1154848,784.7487699,660.1982634,335.8170767,375.9335938,846.4465991,3798.1875,109.0026042,57.81640625,82.55338542,79.97526042,74.18619792,58.00260417,45.6328125,96.00520833,129.1614583,285.9882813,242.2981771,277.3476563,229.5286458,151.6848958,92,54.86848958,1368.5,2066.052083,78.47669794,0.682772345
Pearl,5997,5315,11019,8368,10883,862.2823618,41,6732,3634,379,0,5648,2559,3763,6047,275,911,756,486,0,0,0,12,0,0,15,83,0,0,0,189,229,91,140,93,69,544,259,1329,550,247,69,266,0,0,0,0,0,0,0,0,16,0,0,0,0,0,0,0,0,0,74,496,277,554,278,198,40,114,6322,1996,657,673,43,40,104,97,56,5,103,0,17,18,199,246,160,2025,1008,781,8559,519,110,127,372,115,334,213,70,106,98,495,587,707,559,774,1136,2047,6322,NA,0.371020423
Piedmont,7047,2997,7033,3094,6853,796.41176,522.4742464,2991.269481,1993.010969,431.0875436,0,2693.242091,1733.249613,1504.039996,3224.586496,12.7031141,423.2927507,464.4917896,864.2911367,12.20818716,7.333502491,2.564210526,7.561052632,4.029473684,49.59368421,28,46,49.95934959,52.10679196,0,205.597307,12,45.38107597,48,16.98947368,82.72875116,244.6676023,199.9697738,204.5295711,157.4388141,28.34407895,16,26.73263158,0.235107228,0,0.293884035,0.470214456,0,0.793486894,0,0.352660842,0,0.470214456,0,0,0,0.881652105,10,0,2.601431981,50.9489852,48.47280984,540.4219577,601.6002026,352.2414501,44.09560775,1.465263158,0,0,3237.28961,1465.836193,165.5743311,127.5526856,73.09474702,9.804794974,446.9237837,19.5953484,371.0458493,0.896384637,7,77.92582525,5.31894983,6.683832031,553.0795183,726.3045084,656.4206609,362.9084289,976.349573,920.5059841,5713.551396,139.4445688,333.6196129,210.8445624,14.62277205,124.2797955,131.0605662,53.0506468,98.31367142,78.87289857,277.2037709,271.9367478,423.019392,408.4040055,246.8723622,232.9200122,192.8242246,1655.344928,3237.28961,76.09934684,0.492529233
Pleasant Valley,12743,4367,14061,4715,13819,1553.429939,1248.802031,2628.591376,1489.067691,229.2856041,0.070766639,3950.283498,2288.27302,1967.850444,4137.123463,119,99.43064877,629.5180178,2933.90415,0,0,0,9,0,0,0,17,12.40632976,0,6.378448556,0,0,4.127231418,24,53.69014085,7.295774648,536.9306667,186.6946455,140.6541332,121,0,0,0,15.44366197,0,0,0,11.1476207,0,44.11124257,17,0.690140845,79,0,0,22.91455366,46,0.64084507,66.37731215,52.87077195,164.8836069,309.9995372,944.8240151,814.3063062,366.5308705,62.38676217,59.00162285,0,17.00162285,4256.123463,3297.67904,1030.549276,1591.487948,630.602859,70.83285132,667.6069683,16.42984548,211.1462389,635.4677357,200.9764282,1005.368213,145.5005878,141.1368626,2711.538741,2822.218284,2345.201342,1396.826538,2575.068291,1914.497635,9046.264926,291.9915505,123.7739752,68.50269484,111.5259161,246.5960273,187.6409299,122.8864637,72.84631197,136.9526195,499.1267117,426.4298191,354.9303565,648.6342587,147.7740027,405.5709372,410.9408885,3095.130493,4256.123463,79.44287397,0.370780506
Downtown,12801,8353,14165,10324,12567,1828.251183,892.3509834,5136.65053,2875.475038,875.9621785,31,6748.614221,5683.198185,2587,7902.198185,368,1474.656581,2229.195159,182,66.93797277,40.02269289,474.8986384,118.8532526,84.21482602,159.0741301,237,0,61,180,92.92133132,371.7881997,76.62178517,97,125,257.3842663,362.9667171,830,938,1676,542,66,28,77,16,0,0,0,0,0,0,0,0,0,0,0,0,0,34,0,0,95,134,208,301,249,76,48,43,0,8270.198185,1307,496.0907567,1469.825504,203.745006,40.52706422,295.7857418,92.42591944,145.900167,122.8064516,306.9101382,39.20046083,153.0316725,15,782.8488902,212.033316,159.033316,3694.360306,3729.717095,2608.883823,10202.30711,1908.709531,582.0121029,364,436.5370651,428.8593041,346.4810893,203.7458396,180,177,505.8532526,550,704,392,556,279,656,1204,8270.198185,81.8,0.612723077
Portsmouth,9789,3627,10149,3839,10044,1599.325968,1361.64652,2445.862102,1686.552001,149.9809263,0,3605.994208,2240.428446,1528.546688,3768.975134,0,428.1697532,631.7829596,2295.440249,8,93.87802691,25,169,13,0,0,97,0,56,40.83206107,27.5486393,49,67,126,20.9632287,179.5788656,272.5659193,248.3478451,143.1520556,25.30044843,20.51908397,0,0,0,0,0,0,0,0,0,0,0,25,0,8,0,20,27,43.56591928,36.14349776,162.529148,140.0846952,873.7655017,573.4194502,119.4122685,38.13183857,0,0,0,3768.975134,2268.223592,166.3256087,69,927.449692,112.1578175,499.9665591,19.44969199,542.1041361,55,0,3,0,77.4262247,819.9800528,2240.305661,2064.208272,191.7585802,3638.329408,1559.315928,7050.977544,308.9381166,128,354.8152535,133.4885496,97.78295964,229.0950673,292.1192004,75.23664122,156.2887892,204.1905864,260.4732824,486.0242084,433.0463835,362.1705337,138.5477151,108.7578475,2067.052319,3768.975134,NA,0.4964
Powellhurst-Gilbert,30570,10784,32852,11397,31853,5749.009921,4319.038945,4106.640815,2785.291525,1122.881959,50.07000391,10050.99273,7802.999584,3697.680301,11273.76802,226.9118664,1419.544827,1876.021381,7519.985881,39,67.32350598,155.6703638,23.57615894,57.90924092,28.01832669,101,43,62.96636684,58.61752988,51.00542279,73.48525896,73,148.1139442,226.0558643,572.1573339,429.802828,1380.92142,1209.49952,628.790663,19,0,9,0,91.86546734,40,13.51818537,16.80805819,6.483501216,0,8.284473776,83,35,79,83.16175299,31.71452145,39.32719694,77.29927529,83.88502387,241.1847145,186.0676186,896.609613,1166.856553,2111.153645,484.950737,110.1171617,0,13.11258278,0,0,11500.67988,7628.971471,1763.424862,4439.966617,351.2151579,312.2008748,1987.937726,81.59840013,1462.500325,1209.367878,1640.682904,1479.067103,182.1900683,371.8982144,6573.071447,5716.457125,4713.348231,2292.28145,6701.698409,5189.436839,23305.87449,778.9418831,602.8518642,506.1303509,643.0255186,667.9758135,817.9891219,651.8208565,583.4419209,515.1321349,987.3210746,1048.369045,1445.687172,841.4116334,447.2048091,522.4856064,440.8910798,5899.400082,11500.67988,74.53161052,0.931483918
Reed,4399,1963,4718,1971,3644,610.8510216,114.5602162,1764.087772,949.716963,77.28266696,0,1791.698477,902.1717282,986.8094155,1859.246241,29.73490276,178.3981576,252.7185261,581.4567345,26,0,0,45.34288639,14,0,0,8.734902764,0,0,0,0,0,0,0,13,90.19344933,278.0388946,213.2436029,265.9913762,29,0,14.57281553,0,0,0,0,0,0,0,0,0,0,0,0,0,0,17,0,0,0,0,0,35.29335481,150.8034175,442.9705587,185.0791517,14.57281553,0,0,1888.981144,1038.202325,102.2825648,144.7558332,4.334006981,11.26841815,42.47326842,24.2704391,0,26.00404189,5.200808378,0,30.33804887,0.866801396,62.40970053,609.3613816,517.4804336,760.1848245,556.7911975,750.6500092,3291.453977,145.2047083,108.1381781,30.44216991,13,85.15574782,55.71559109,55.33189866,38.19344933,7.193449335,109.1439178,254.6526179,220.8333375,218.348218,111.020776,168.2418101,268.3652739,845.7192983,1888.981144,77.1,0.4442
Richmond,11692,5333,13513,6664,13386,1378.980735,314.4540328,7307.104702,4406.938796,145.6456322,7.687434002,5897.653564,2417.160924,3662.085623,5930.246547,149,911.0936905,363.8881228,2391.198233,62,0,58,50,0,23.06230201,0,0,1.922879177,8,0,13,0,6.264477096,19.35398032,78.37455427,162.0519478,569.8240086,681.1445168,757.5611154,197.4166866,110.2119546,55,0,1.24660814,0,0,0,0,0,0,1.762639246,0,0,1.133280128,0,7,0,1.12167952,0,0,117.3456197,33.96548822,269.2892768,613.9130573,1879.271847,268.5130623,7.71527499,0,1.922879177,6079.246547,2949.35862,311.9144084,591.5260216,0,24.99821591,99.35661017,146.0071112,13.01616487,3.815347722,48.8679653,35.31213561,148.2830621,13.98960831,269.3919436,1699.73894,1418.273922,979.120554,1262.602287,1347.9825,11140.67536,252.6740207,104.3622039,139.3949482,127.7052723,172.4276961,203.3123096,84.06411481,178.2926732,170.8012289,451.0553016,533.0711544,615.5138465,897.5063805,523.7682914,947.7677667,677.529338,3204.200713,6079.246547,81.0172168,0.189846674
Rose City Park,8982,4007,9633,4093,9598,779.5591514,206.7070632,4844.355377,2915.403353,280.9720486,0,3917.048347,1510.985723,2773.701239,4236.510999,48.1759632,290.7760181,215.6073446,1713.666649,12.7225898,0,0,99.74008051,5.541115584,10.1587119,0,0,25,0,9.799299883,22.50078648,17.83419221,17.16342412,27.4925211,136.7050579,85.76821158,215.9570104,413.5835105,160.1468189,38.57048081,12.61759632,17.8880597,0,0,0,0,0,0,0,0,8.303205128,0,8.252042007,0,0,0,0,0,13,0,12.40027701,73.60919842,331.6125612,687.4982897,1279.446141,429.0336827,81.77021206,6.030769231,0,4284.686962,2515.740968,113.8653664,421.6299517,34,58.13687544,152.7314466,6.599036046,74.60061439,0,30.89519124,76.46864416,67.08614995,18.86955197,267.9201517,1322.480972,965.0489359,436.1725113,675.4416535,886.4872282,7711.897988,203.1809631,91.39287473,40.46953942,119.5679024,108.4439106,56.08034788,110.9677728,95.96949226,118.9075078,266.8022597,299.2031522,688.1410005,484.1830379,283.1759889,610.4087528,707.792459,2930.956379,4284.686962,80.91019889,0.067526245
Roseway,6200,2830,6551,2936,6528,518.0151049,278.5648207,3318.346677,2061.085194,94.47980798,0,2979.694037,1363.314355,1734.859489,3077.173845,21,458.5420454,221.5687621,1069.62161,0,0,0,0,0,0,0,0,0,2.806345733,0,7.107110711,0,21,49.53869113,40.81856484,73.00036387,81.92534772,46.84168607,218.5736731,286.3336461,20,0,0,0,0,0,0,7.483588621,0,1,11.40512821,4.542553191,0,0,0,0,0,0,0,0,29.93485838,157.1563667,672.8376797,839.4759044,368.6555114,57.38461538,0,14.96923077,0,3098.173845,1823.329763,38.7212598,394.1847817,0,0.528676988,140.6836701,22.68766598,141.7410241,0,30.66326531,151.0842562,69.78536242,0,393.273908,742.5106684,696.3150212,286.9359321,329.2853132,552.9706479,5792.438267,147.9383709,14.55355536,45.97267815,118.4079665,85.21236153,71.95516038,48.5190168,120.3380196,68.4893617,160.4775887,481.4502756,606.672767,366.0970995,175.2034307,351.4488972,235.437295,2164.845437,3098.173845,79.8,0.199972744
Russell,3175,1241,3258,1258,3104,328.9908395,371.1528035,928.2494968,698.9210347,48.73404248,7.525837989,1091.924663,543.2012595,628.509122,1153.710382,18,20,100.2074022,716.7486599,0,0,0,0,0,0,0,0,0,0,0,33.6997389,0,0,7,14.46083551,0,50.94553073,44,20.26187151,0,0,0,0,0,0,9.841480447,0,0,0,0,0,0,0,0,0,0,8,0,0,45.55325313,33.87353589,116.1385617,485.4972322,240.6236179,38.07869,11,0,0,0,1171.710382,809.8694718,42.06886657,200.528264,75.72395983,0,70.58220947,46.74318508,73.38680057,18.22984218,8.881205165,71.98450502,10.28350072,6.544045911,259.892109,250.0760402,200.0608321,117.7928264,488.9738119,478.6502152,2462.662925,22.20121213,0,71,25.18119047,97.25633962,82.01119142,52.3390117,12.9386423,47.80014441,68.6250547,63.8484728,106.4064702,119.5155619,109.7111382,125.0116965,167.8642553,988.6063713,1171.710382,81.3,0.6833
Sabin,4149,1779,4438,1875,4438,336.5559213,80.19518395,2264.133269,1070.173581,62.45496753,0,1860.647795,565.7395263,1374.353244,1855.022208,85.07056172,64.16582258,61.21200447,956.1165179,0,1.553784861,3.573705179,0,0,0,0,0,0,7.767926988,6.90482399,5.938437253,0,3.262135922,1.087649402,0,4.660310215,62.10121949,17.30076466,181.5446427,71.28250469,50.76037207,3.262135922,0,8.701754386,0,0,0,0,0,0,0,0,0,25.48501153,0,0,32.39147593,0,0,0,7.267706229,10.63297933,64.33789413,172.5617674,804.8818005,348.0807856,32.47372409,7.55801105,0,1940.09277,1182.184993,66.21080178,110.7231139,2.764876166,3.449042467,24.94455976,36.56878452,134.8285586,0,7.744195803,2.218562874,22.31504554,2.442377301,169.5487401,790.553365,559.4790406,354.6892128,250.9146171,400.5646521,3689.512687,20.19028403,33.29717151,46.20206581,20.89109553,41.19377741,17.31395361,19.75971399,9.488893764,43.76616848,93.31279912,220.323603,301.4788391,163.3043884,123.358232,266.831332,519.3804524,1514.37291,1940.09277,77.41580524,0.099116355
Sellwood-Moreland,11621,5882,13940,7115,13770,1529.844855,282.5747573,5881.198008,3409.669394,372.5994554,0,5273.884473,2811.295142,2994.210123,5776.505264,29,383.1946247,627.5926861,2273.19241,14,1.203883495,41,142.3242718,0,108.8427184,15,24,101,71,53,13,31.69512195,13.96959459,33.56504854,181.2309377,178.0970992,488.4586108,518.7942932,270.9831636,148.8252427,56,27,15,4,0,0,0,0,0,0,0,0,0,0,32,0,0.963106796,0,24,0,70.9305038,72.57475728,371.4706481,644.6775434,1474.681883,241.686832,124.6452178,14.68543689,0,5805.505264,2823.537569,148.2561394,362.1212646,38.07995495,24.78628629,40.31501308,34.20741697,35.53141238,65,50.22147147,0,87.36670494,24,262.1195888,1820.124728,1620.93448,1572.045089,1451.206173,1319.74704,9617.549725,434.6953629,348.0097087,209.1158537,108.1484912,208.0834951,147.4286959,314.1695115,153.441011,138.8288302,221.0294577,528.3447236,744.0419133,370.0011248,364.9501092,711.5290775,803.6878977,3076.315929,5805.505264,81.1,0.4417
South Burlingame,1747,827,1801,781,1801,116.0096378,0.994019469,1017.984087,601.656292,28.54804345,0.658914729,631.8102873,196.7377994,478.2782127,675.0160121,0,45.71098049,13.21332456,332.1406781,0,0,0.329457364,0.366063738,0,0,0,0,0,5.195189639,0,0.219638243,0,0,0,10.07995396,0.805340224,10.16947173,15.94422361,37.97915359,18.73275662,11.25624462,0.716647978,0.47588286,0.219638243,0,0,0,0,0,0,0,0,0,0,0,0,0,0.073212748,0.146425495,0.183031869,0.313977866,18.30188679,48.86564394,112.377018,290.8363655,84.56086295,6,0,0.301886792,675.0160121,407.7286271,14.36080443,10.57645265,3.633294524,0,5.028968487,1.061584841,0.256244617,0.146425495,0,0,0,0.366063738,0.915159345,232.003518,200.5531158,57.0864175,230.6049494,142.7146491,1464.343368,1.467643378,10.87885049,0.402670112,0.762290153,18.83256244,5.952961892,0.695521102,24.96683017,27.5060391,63.08686082,42.18556976,86.5616608,77.46720179,48.92505359,75.26108466,190.0632119,562.1799502,675.0160121,80.84068966,0.003708966
South Portland,6631,4500,10782,6705,10435,1092.78154,82.82168053,6567.193953,3426.943524,207.6915458,55.59976699,5267.216674,2063.617457,3757.87183,5596.436409,225.052879,726.6062899,655.8400297,951.0631011,0,0,0.213178295,0.236864772,0,0,0,0,0,2.804810361,0,17.14211886,53.50867052,53,52,120.7741201,102.3728608,587.5436627,653.699069,987.4451893,529.159592,210.1658053,75.16616495,27.64318432,0.142118863,0,0,0,0,0,0,0,0,0,0,0,0,13,0.047372954,0.441566718,0.118432386,70.35819244,170.9024677,235.4641456,463.6774712,935.2593673,349.9322139,63.18800259,12.96280992,16.11983471,5821.489288,1796.602454,482.596427,581.1227882,231.358682,24,135.5069347,24.12346991,69.81991756,0.094745909,50.77555726,13.65411222,0.653031093,20.8180999,272.9102099,751.8472928,690.3672316,1504.633931,1215.543448,918.0098933,8355.67259,331.4504624,67.27940215,233.6224784,164.0041461,132.1756632,84.01662318,129.6581356,126.861121,136.6411158,365.9928212,291.9154883,1101.874583,588.2025335,497.9954043,730.6701498,839.1291596,2331.613996,5821.489288,81.37680412,0.162176289
South Tabor,5995,2762,6633,2925,6585,636.6223993,236.0674157,2778.010372,1642.079516,162.5894555,13,2690.929127,1293.107174,1603.27917,2883.386344,13,278.1555748,148.684529,1202.984443,0,18,0,0,0,0,0,0,0,0,0,0,36,25.7355229,0,84,139.9861711,251.5963699,94.33880726,206.1417459,52.03025065,0,0,0,0,0,0,0,0,0,0,0,0,0,0,0,0,0,9,28,9,67.94900605,79,631.633535,619.2368194,512.5246327,13.21348315,0,0,0,2896.386344,1748.302506,76.1235012,435.2482014,61,0,141.646283,64.25219824,85,2.184652278,105,50.00519584,38.95963229,8.010391687,289.1598721,877.6095124,725.0439648,459.7098321,480.2229905,659.3481215,5450.382887,113,37.60328436,74,69.29472774,99,128,102,47,139.3690579,212.1996543,271.6404494,391.8167675,372.7821953,233.8098531,274.6197061,330.2506482,1969.557476,2896.386344,77.44352002,0.468207808
Southwest Hills,7994,3758,8698,3814,8619,658.1816642,35.50903312,4942.890031,2371.055744,107.7996465,7.239884393,3497.23522,965.8770281,2660.877492,3569.177125,57.57739525,219.3709686,177.7857062,1616.717638,0,0,0,0,0,0,0,0,0,0,0,0,21.23699422,4.767354597,9.587973274,32.6608593,86.46283269,172.5227492,205.179795,156.0522064,135.8869463,30.17344359,14.44248674,35.23298565,0,0,0,0,0,0,0,0,10.48507463,0,0,0,0,0,0,61.33613584,33.15311908,26.00434882,28.02639192,87.84788005,126.3042035,600.5254194,791.7159286,549.9158016,157.6859186,227.490171,3626.75452,2157.525197,303.7954763,552.8775054,2.73219289,0,99.36588013,38.14647469,45.73174883,19.33391808,128.8430424,31.0105125,55.41867585,33.23683219,313.5747298,1274.412759,792.1062091,614.2237501,524.7065418,769.8457501,6065.479711,152.2052097,58.4242633,26.28615268,66.69172661,52.79576459,72.56362002,92.49488577,89.30795032,84.3719949,161.1990232,109.5364369,302.1683855,269.0370522,269.4573494,422.9409312,1397.273774,2700.490393,3626.75452,81.60319504,0.072911835
St Johns,12207,5134,12898,5576,12840,1718.756826,900.1225875,4430.155101,3153.841538,414.7231827,5,4959.465286,3178.632003,2261.631153,5374.355958,65.9071979,703.7040251,456.8786485,2720.113232,0.915011914,0,0,4.216216216,4.567567568,0,3.513513514,10.33672255,0,1.577019643,190.4747649,39.95598405,27,47.22482436,113.4724897,164.1056712,261.2560322,641.3896131,235.2519474,427.358177,24.75764118,5.62764884,0,0,5.610007943,0,0.762509929,1.220015886,0,2.058776807,0,0.915011914,0,1.220015886,8.438789546,0,0,2.287529786,1.932432432,35.94312796,44.0572823,243.3648239,399.5854915,1316.646348,671.3491667,345.2662709,69.88694777,0,0,15,5440.263156,2752.632696,121.5346056,270.5830223,17.41668903,337.9655978,580.0510584,49.90166415,446.2279333,0.515159646,0,2.575798229,194.5155068,0.386369734,704.2634189,1735.334473,1540.914638,1194.620172,2182.547271,1625.766084,9874.33679,249.8383514,173.6803043,174.7170536,315.2756686,92.42646027,277.9291334,393.7506613,190.8396044,69.18132069,448.8940977,792.0993473,661.2293014,619.8937156,227.7584812,520.2809153,232.4687399,3165.544549,5440.263156,76.46744271,0.432975476
Sullivan's Gulch,3139,2009,4073,2611,3988,428.6621979,34.94010833,1945.271505,1302.635072,93.66301345,15.53008596,1773.664733,1212.899486,810.4017565,1975.5362,47.76504298,322.7861545,328.1771415,198.7997693,14,0,0,0.052102377,0,0,0,0,0,0,0.085009141,15.03016453,22,59,34.0904936,79,101.6451025,375.6666087,260.3815707,342.645747,63.19507339,51.44340974,10.69887194,8.735673352,0,0,0,0,0,0,0,0,0,0,0,0,0,0,0,20.38323782,0,42.03564899,109.2378223,119.6168322,0.440184479,233.3187393,30.06886453,0,0,0,2023.301243,542.7445576,110.2843271,109.6516393,0,3.919465486,24.68654826,27.45631541,34.62765496,0,5.67310705,0.586909406,0.132030178,18.4462492,59.4659508,256.6064257,153.5948272,301.8620373,389.3396606,300.9038752,2891.772685,111.6668884,64.53600782,113.6433365,0.085009141,139.530086,49.24090214,95.1482808,81.88474906,47.62606402,253.4494928,256.0886694,196.4371661,167.602331,173.2561839,89.76540381,183.3406716,555.1013297,2023.301243,79.79058065,0.106524258
Sumner,2137,898,2118,916,2076,203.0183178,181.6807403,625.59716,489.2255174,102.5240714,0.445081184,870.6367201,505.6337055,475.6174473,961.1633019,20.08785084,42.15023931,37.26779805,332.7103969,0,0,0.289473684,0.078947368,0.222540592,10.5267104,3.508903468,0,0,0.177821722,0.362753276,12,4.593466638,8.763157895,1.102931594,18.60931255,11.48533815,14.03140318,100.2515237,28.22002898,0,0,0,0,4.897684507,0,12.28116214,13.158388,2,0,0,0,4.386129335,0.115103874,0,3.508903468,0,46.01013668,14.93864413,0.202692425,30.25033288,76.49048341,84.5317008,346.6719823,77.77734905,23.41868563,0.598540146,0,0,0,981.2511528,491.5229169,45.65812455,220.3447407,16.13361205,0.660568518,115.9290436,0.017908723,61.80853398,32.61253572,16.62077762,152.1550237,5.174227382,0.006354708,276.7725275,311.8720504,262.2374165,81.08467708,283.2262355,287.4820348,1928.918656,34.46218173,34.52931441,10.96728287,47.9862796,77.60468288,35.5150609,35.59196447,21.75269327,22.84141247,97.97937377,86.4034591,198.7915087,171.1816171,39.61148159,42.51925888,23.51358095,741.2379188,981.2511528,76.42122386,0.659030303
Sunderland,718,43,698,44,111,109.2053332,75.30267249,28.56129795,21.243582,20.36098132,0,52.93573923,39.42478042,35.0483309,74.47311132,0,9.479927579,6.902302077,28.78599715,0,0,0,0,0,0,0,0,0,0,5.085906794,0,5.085906794,0,4.01342377,0,5.085906794,12.38616003,0,1.107191316,0,0,0,0,0,0,0,0,0,0,0,0,0,1.816395284,0,0,0,1.816395284,3.632790567,0,0,0.657394844,2.715988228,11.91926273,5.656965161,3.390773406,9.791252761,0.311397558,0,0,74.47311132,30.98320657,10.74653857,4.020817631,5.111964726,0.451569627,2.65468205,0,1.587335659,14.44156177,0,1.368392809,0,0.205258921,17.83517594,23.83528607,22.68583611,162.2785242,61.79218412,60.24791516,373.9890298,4.082587039,11.98820887,0.830393487,1.816395284,8.303536805,0,0,6.19309811,2.664179104,0,3.546381715,16.60707361,7.421370383,4.670963365,2.28358209,4.065341457,41.70861582,74.47311132,NA,0.644488235
Sunnyside,7354,3894,8251,4271,7938,961.0123615,165.808571,4061.885148,2596.685908,240.1585509,0,3526.124781,1930.451951,1958.724265,3833.49663,55.67958651,581.431731,486.2079117,921.372676,0,0,0,0,0,0,0,0,0,9,22.2826087,24.07731998,16,12.65217391,26,167.872726,186.4639578,708.4282646,473.8459992,674.114988,259.1790054,47.76887687,12.62739965,5.02173913,0,0,0,0,0,8,0,44,0,0,0,0,0,0,0,13,6,13.32190495,31.48926322,137.2502985,336.9636477,465.8135843,124.2831355,16.42853129,0,0,3889.176216,1332.465379,140.119521,215.0828541,33,18.40351618,86.84931878,108.8277729,53.8455092,7.739031984,36.69114013,22.68266855,25.11330745,9,159.9639976,819.1175019,690.7270133,776.4614711,827.3221562,749.0603059,6433.628301,306.437241,40.82608696,83.4451248,113.883376,127.909875,139.3647187,144.6197759,193.8271405,61.73323032,249.9390491,468.4663327,579.8840317,521.581452,343.6419584,248.9140938,264.7027293,1196.550366,3889.176216,77.74803407,0.190045771
Sylvan-Highlands,1294,564,1474,589,1474,29.543379,0.259182259,583.3691049,317.9170674,0.053361053,0,456.5091069,93.86459507,362.857956,456.646321,0.076230076,21.68262684,22.61030614,221.3274508,0,0,0,0,0,0,0,0,0,0,0,0,0,0,0,0.076230076,0.16008316,0.952875953,0.121968122,0.175329175,47.33282549,0,13.74515561,0,0,0,0,0,0,0,0,0,0,0,0,0,0,0,0,7.731650029,0,0,14.64996588,21.86557903,52.00171399,108.207313,84.37435792,47.75971391,6.023456222,29.20845567,456.7225511,328.9653658,44.71935297,27.26933134,0.022171034,0,28.28351036,15.91408008,0.044342067,0,0.114022459,0,3.946055293,10.4059045,14.51032432,281.4875187,195.2142281,103.7114835,8.387228685,68.71558108,771.7545138,0.114345114,0.259182259,0.053361053,0.083853084,22.33587786,3.497272963,0.358281358,10.65952506,0.167706168,7.131760063,49.20343009,28.57807367,44.55211524,23.34741024,122.4075214,143.9728354,371.8222056,456.7225511,81.4,0.028458949
University Park,6035,1834,7022,2045,5038,20.69407895,49.02682927,1900.826829,1015.657317,42.79634146,8,1702.789024,707.0914634,1061.493902,1768.585366,0,151,110.3780488,745.7914634,20,0,0,0,0,0,7,0,13,7,16,0,7,0,17,8,16,52,76,128,87.37804878,29,15,0,0,0,0,0,0,0,0,0,0,0,0,0,0,0,0,0,0,22,40,307.0536585,330.7670732,507.2926829,12.72926829,2,0,0,1768.585366,1103.453659,58.2007886,295.6105551,14.66181377,62.68031544,28.61267819,16,5,0,17,9,69,0,103.2766151,466.4115863,315.6002426,1177.754019,931.3646341,612.2211101,3176.130488,60.36463415,79.43170732,37,30.41829268,61,33,9,37,65,93.87682927,201,278.2012195,163.8097561,237.8365854,162.9036585,218.7426829,1221.842683,1768.585366,78.70171504,0.396551114
Vernon,2665,1178,2969,1363,2945,273.6276018,93.74129275,1380.741565,853.1595133,83.02834109,0,975.0376842,384.6509074,673.4151178,1031.288295,26.77773064,120.3239306,48.8822165,280.4997111,0,5.836317796,11.04296938,17.14285714,0,0,0,0,0,0,0,0,0,2.236540159,2.688446215,19.11106969,20.15479181,65.30843396,35.24010365,146.5150297,86.67453884,14.15010559,2.521637351,0,3.896103896,0,0,0,0,0,0,0,0,0,0,0,0,6.233766234,0,12.54989154,0,22.77035694,8.339130841,104.5170423,206.9925055,235.6689786,24.76914463,0,0,0,1058.066025,534.6594824,36.65057791,47.21725661,5.152336609,3.72482551,22.7773001,19.64668827,19.24558642,0,1.565170172,6.234730539,12.90328257,5.8640993,45.812869,456.0854897,340.9335262,204.0278203,250.2334411,258.3023135,2076.234757,37.0492177,37.19846924,13.67712859,31.43594274,47.65754779,12.94513468,12.90429958,39.07932963,11.738807,67.58544351,73.37958695,171.8542821,141.3409625,46.42753997,138.7915658,175.0007675,625.7369205,1058.066025,77.94068915,0.116478226
West Portland Park,3921,1762,4093,1812,4093,284.7846529,209.9563697,1468.191757,1074.122965,85.67524856,8,1579.968492,815.4048984,877.5825519,1675.545168,17.44228275,162.5926789,274.3743829,801.6312045,0,0,0,0,0,0,0,0,0,0,0,0,78.07461407,27.51200686,0,43.61492281,96.97341338,144.549231,154.3383267,175.0234831,39.63596096,0,7.43567753,9,0,0,0,0,0,0,0,0,1.983138781,0,0,9,0,10.86109906,1.081712062,13.96627756,19.9156939,27.3937959,60.21141375,208.6867437,222.9393428,328.463748,9.802853437,1.44228275,0,0,1692.98745,1032.433942,43.93674709,270.9695668,180.5314413,0.631101022,58.16368459,44.90586254,21.03217054,7.418570734,0.631101022,0.631101022,28.29139915,19.43352093,183.1524964,565.0030523,498.5143727,511.8239179,433.5310528,366.98625,2924.079941,60.70880525,150.4398923,59.90179157,31.50609353,7,56.5935365,74.43343167,50.43567753,8.134392527,183.2404787,133.0107988,196.4593431,174.777684,150.272962,223.7001366,132.3724263,915.7481018,1692.98745,81.37530345,0.414630626
Wilkes,8775,3864,9280,3896,9041,1208.108875,642.7137638,1988.033611,1382.801476,293.4645062,222.474162,3216.91585,2369.618557,1374.141921,3726.142278,17.61819933,152.6369362,316.1737828,1114.107267,0,0,0.116217644,0,0,24,0,0,0,0,0,33.33661402,8.220813524,0.29054411,0.348652932,22.15736382,81.19928755,273.6863371,290.4898196,68.21184958,10,1.427478886,0,0,45.08122992,13.78815599,16.15851955,0,12.56877965,9.112548512,14,26.04429466,0.081352351,0.069730586,0.127839408,15.9469599,5.315653299,17.96741625,122,78.58108556,60.15308581,233.1653697,283.4838806,1363.977691,479.3940419,120.2705073,0,0,0,0,3743.760477,2156.764967,161.5306925,742.0886849,147.6292028,52.31105829,389.391778,77.52254694,359.2270642,31.90842353,10.11879484,290.8777374,210.8092202,54.02160659,1080.078132,1082.272255,889.8406593,533.4675034,903.6269233,1577.007385,6866.059932,207.618956,156.172364,143.6600182,64.63762838,149.8689728,309.5752437,239.9479311,106.8026567,198.6248467,328.5523998,464.1575392,413.4536664,401.9154566,166.7092362,282.5959784,109.467583,2917.288142,3743.760477,79.89618663,0.697561216
Woodland Park,176,71,202,72,196,22.23728814,11.30989583,31.95703125,24.59244792,10.52083333,0,79.56380208,83.37760417,16.5703125,72.33072917,27.6171875,12.36197917,15.38671875,11.17838542,0,0,0,0,1.052083333,0.131510417,0,0,2.104166667,0,0,0,0,0,0,7.364583333,11.30989583,4.076822917,9.07421875,9.337239583,3.813802083,0,0.263020833,0,0,0,0,0,0,0,0,0,0,0,0,0,0,0,0,1.97265625,2.630208333,7.49609375,3.9453125,34.45572917,0,0,0,0,0,0,99.94791667,48.26432292,3.800289436,12.92098408,0,7.775976845,0,0.409261939,0,4.560347323,0,8.769898698,5.554269175,0,18.8845152,26.2512301,22.80173661,18.1829233,24.06640625,34.55340087,157.8125,4.997395833,1.18359375,1.446614583,3.024739583,3.813802083,4.997395833,2.3671875,9.994791667,6.838541667,28.01171875,16.70182292,10.65234375,4.471354167,1.315104167,0,0.131510417,50.5,99.94791667,80.44,0.63686
Woodlawn,4935,2084,5149,2350,5099,488.5468906,203.643299,2148.435923,1320.293374,55.55607178,0,2257.544066,1100.993865,1241.437959,2313.653566,28.77825818,100.355071,143.6030444,678.4757364,0,0,34,0,0,9.961704756,0,9.961704756,31,0,0,0,0,3.695481336,0,18.59126139,72.76453891,222.6420154,118.424823,197.1997558,73.60855552,0,0,0,9,0,35,0,40,0,0,0,23,0,0,10,0,9.961704756,0,6.45010846,95,56.97811264,96.78439598,263.6359505,343.4894742,552.2822364,9,0,0,0,2342.431824,1122.747494,61.45251738,91.30900548,28.8952,7.333471675,51.75053546,7.710057288,26.56434831,0,8.580822661,0,1.285009548,17.21912794,53.64930847,674.0815471,523.3668026,307.9847076,646.4069801,482.5279415,4055.016643,214.9271905,35.08744149,29.44987308,202.7652872,16.82646421,49.87490229,21.02357564,96.5310411,47.24940612,138.8285327,248.4301505,383.7312137,150.4083861,207.63067,186.3672413,313.300448,1550.581983,2342.431824,78.03363496,0.180029224
Woodstock,8942,3930,9861,4187,9771,734.2464942,249.0572699,3954.50452,2148.581088,147.7659793,6.406779661,3600.01564,1519.161102,2324.784627,3835.680632,8.265097236,340.5530046,199.905353,1988.214264,0,0,0,51.61711361,0,0,0,8.265097236,0,0,0,0,0,0,7.842857143,44.28050847,93.92219231,177.5568777,164.1388941,298.5924299,181.8378452,43.20513047,2.27184466,0,5.001740644,0,0,0,0,0,0,0,13.58154646,0,0,0,7.118644068,0,7,0,41.49460276,67.78884083,133.4228743,587.7960196,944.6092159,831.6114073,89.91705931,11.34353184,0,1.091962346,3843.945729,2385.513841,225.2941165,374.7758235,18.65129524,12.77247669,31.02742273,71.07068875,48.25925456,20.55866123,38.78155429,96.59933436,42.0033192,27.71044569,284.0793055,1509.821107,1278.122368,1119.912043,664.8850142,1249.786536,7011.042485,91.53831216,47.34364931,77.52431834,45.97418268,75.33250641,59.79839727,111.5769664,175.72319,140.1235487,377.0981399,317.1278905,668.9934015,509.762782,412.3643422,380.8701629,352.7939387,2741.777445,3843.945729,78.84994551,0.138602735
,,,,,,,,,,,,,,,,,,,,,,,,,,,,,,,,,,,,,,,,,,,,,,,,,,,,,,,,,,,,,,,,,,,,,,,,,,,,,,,,,,,,,,,,,,,,,,,,,,,,,,,,,,,,,,
City of Portland,583776,265439,652503,302034,632409,76100.07534,34595,248171,149423,25556,873,250713,141342.42,135799.58,272390,4752,30432,31503,61297,707,572,"1,955","1,646",662,939,"1,185",879,723,"1,371","1,277","2,804","1,969","2,407","3,591","7,760","10,700","27,394","21,242","24,002","8,610","2,371",950,885,838,291,210,215,222,212,168,342,220,280,317,164,163,728,504,"2,033","2,356","7,322","11,831","34,244","28,410","37,949","12,692","3,525","1,091",848,277142,140520,"17,476","38,907","6,467","2,644","18,622","3,171","12,852","5,578","5,984","9,234",5864,2519,45119,81301,66651,57025,83223,76620,486812,17571,10560,9047,9711,10256,10117,9107,9911,9574,19170,26242,34980,27212,19688,23725,30271,147175,277142,78.94263346,0.428024043
